PERMNO,date,RET
12060,19990129,0.028186
12060,19990226,-0.043504
12060,19990331,0.106293
12060,19990430,-0.047458
12060,19990528,-0.034994
12060,19990630,0.111248
12060,19990730,-0.032301
12060,19990831,0.030390
12060,19990930,0.058765
12060,19991029,0.142857
12060,19991130,-0.039668
12060,19991231,0.192392
12060,20000131,-0.136511
12060,20000229,-0.009355
12060,20000331,0.178735
12060,20000428,0.010442
12060,20000531,0.005167
12060,20000630,0.005931
12060,20000731,-0.026903
12060,20000831,0.140948
12060,20000929,-0.014711
12060,20001031,-0.049837
12060,20001130,-0.095781
12060,20001229,-0.029559
12060,20010131,-0.040834
12060,20010228,0.011309
12060,20010330,-0.096344
12060,20010430,0.159341
12060,20010531,0.009685
12060,20010629,-0.005102
12060,20010731,-0.104410
12060,20010831,-0.057931
12060,20010928,-0.088336
12060,20011031,-0.021237
12060,20011130,0.057402
12060,20011231,0.045714
12060,20020131,-0.073104
12060,20020228,0.041184
12060,20020328,-0.027273
12060,20020430,-0.157543
12060,20020531,-0.012995
12060,20020628,-0.061336
12060,20020731,0.108434
12060,20020830,-0.063665
12060,20020930,-0.176451
12060,20021031,0.024341
12060,20021129,0.074059
12060,20021231,-0.095133
12060,20030131,-0.049692
12060,20030228,0.047537
12060,20030331,0.060291
12060,20030430,0.154902
12060,20030530,-0.025467
12060,20030630,0.005923
12060,20030731,-0.008368
12060,20030829,0.039733
12060,20030930,0.014542
12060,20031031,-0.026837
12060,20031128,-0.011720
12060,20031231,0.087548
12060,20040130,0.085539
12060,20040227,-0.027059
12060,20040331,-0.061501
12060,20040430,-0.018676
12060,20040528,0.039065
12060,20040630,0.047558
12060,20040730,0.026235
12060,20040831,-0.013835
12060,20040930,0.030192
12060,20041029,0.016081
12060,20041130,0.036342
12060,20041231,0.038462
12060,20050131,-0.010137
12060,20050228,-0.019651
12060,20050331,0.024432
12060,20050429,0.003882
12060,20050531,0.007735
12060,20050630,-0.044134
12060,20050729,-0.004329
12060,20050831,-0.025797
12060,20050930,0.008331
12060,20051031,0.007128
12060,20051130,0.053377
12060,20051230,-0.011758
12060,20060131,-0.065621
12060,20060228,0.011298
12060,20060331,0.058108
12060,20060428,-0.005463
12060,20060531,-0.009540
12060,20060630,-0.030648
12060,20060731,-0.008192
12060,20060831,0.041909
12060,20060929,0.043746
12060,20061031,-0.005382
12060,20061130,0.004842
12060,20061229,0.062642
12060,20070131,-0.031174
12060,20070228,-0.023856
12060,20070330,0.012890
12060,20070430,0.042421
12060,20070531,0.019533
12060,20070629,0.026078
12060,20070731,0.012539
12060,20070831,0.002838
12060,20070928,0.072292
12060,20071031,-0.005797
12060,20071130,-0.069728
12060,20071231,-0.023766
12060,20080131,-0.046129
12060,20080229,-0.054016
12060,20080331,0.116777
12060,20080430,-0.116455
12060,20080530,-0.060551
12060,20080630,-0.121094
12060,20080731,0.059948
12060,20080829,-0.006716
12060,20080930,-0.081495
12060,20081031,-0.234902
12060,20081128,-0.119939
12060,20081231,-0.038439
12060,20090130,-0.251235
12060,20090227,-0.272877
12060,20090331,0.188014
12060,20090430,0.251236
12060,20090529,0.065613
12060,20090630,-0.123145
12060,20090731,0.143345
12060,20090831,0.037313
12060,20090930,0.188489
12060,20091030,-0.131547
12060,20091130,0.123422
12060,20091231,-0.049313
12060,20100129,0.062789
12060,20100226,0.004975
12060,20100331,0.133250
12060,20100430,0.036264
12060,20100528,-0.133086
12060,20100630,-0.111927
12060,20100730,0.117892
12060,20100831,-0.101737
12060,20100930,0.130525
12060,20101029,-0.014154
12060,20101130,-0.011860
12060,20101231,0.164245
12060,20110131,0.101148
12060,20110228,0.045680
12060,20110331,-0.041587
12060,20110429,0.019950
12060,20110531,-0.039609
12060,20110630,-0.032077
12060,20110729,-0.050371
12060,20110831,-0.089336
12060,20110930,-0.057633
12060,20111031,0.097897
12060,20111130,-0.047875
12060,20111230,0.136392
12060,20120131,0.044668
12060,20120229,0.027258
12060,20120330,0.053543
12060,20120430,-0.024415
12060,20120531,-0.025026
12060,20120629,0.100576
12060,20120731,-0.004319
12060,20120831,-0.001928
12060,20120928,0.104780
12060,20121031,-0.072655
12060,20121130,0.003324
12060,20121231,0.002366
12060,20130131,0.061458
12060,20130228,0.050718
12060,20130328,-0.004307
12060,20130430,-0.035900
12060,20130531,0.046209
12060,20130628,0.002573
12060,20130731,0.050884
12060,20130830,-0.050472
12060,20130930,0.040622
12060,20131031,0.094182
12060,20131129,0.019893
12060,20131231,0.059640
12060,20140131,-0.103461
12060,20140228,0.022284
12060,20140331,0.016490
12060,20140430,0.038625
12060,20140530,-0.003719
12060,20140630,-0.010825
12060,20140731,-0.042999
12060,20140829,0.033002
12060,20140930,-0.005389
12060,20141031,0.007416
12060,20141128,0.026346
12060,20141231,-0.037373
12060,20150130,-0.054610
12060,20150227,0.097530
12060,20150331,-0.045402
12060,20150430,0.091495
12060,20150529,0.007016
12060,20150630,-0.017235
12060,20150731,-0.017689
12060,20150831,-0.049042
12060,20150930,0.025383
12060,20151030,0.146709
12060,20151130,0.035270
12060,20151231,0.048096
12060,20160129,-0.065811
12060,20160229,0.009278
12060,20160331,0.090940
12060,20160429,-0.032715
12060,20160531,-0.016911
12060,20160630,0.048958
12060,20160729,-0.010801
12060,20160831,0.003211
12060,20160930,-0.044494
12060,20161031,-0.017556
12060,20161130,0.057045
12060,20161230,0.035111
12060,20170131,-0.060127
12060,20170228,0.011784
12060,20170331,-0.000335
12060,20170428,-0.027181
12060,20170531,-0.055536
12060,20170630,-0.004748
12060,20170731,-0.051833
12060,20170831,-0.041390
12060,20170929,-0.005295
12060,20171031,-0.166253
12060,20171130,-0.092758
12060,20171229,-0.039366
12060,20180131,-0.073352
12060,20180228,-0.119975
12060,20180329,-0.044649
12060,20180430,0.043769
12060,20180531,0.000711
12060,20180629,-0.024858
12060,20180731,0.001470
12060,20180831,-0.050624
12060,20180928,-0.118238
12060,20181031,-0.105403
12060,20181130,-0.257426
12060,20181231,0.010667
12490,19990129,-0.006102
12490,19990226,-0.072469
12490,19990331,0.044183
12490,19990430,0.180183
12490,19990528,0.110200
12490,19990630,0.114224
12490,19990730,-0.027563
12490,19990831,-0.007996
12490,19990930,-0.028600
12490,19991029,-0.188017
12490,19991130,0.050204
12490,19991231,0.046695
12490,20000131,0.040556
12490,20000229,-0.083563
12490,20000331,0.148418
12490,20000428,-0.055085
12490,20000531,-0.035830
12490,20000630,0.020373
12490,20000731,0.026241
12490,20000831,0.175142
12490,20000929,-0.147727
12490,20001031,-0.124444
12490,20001130,-0.049442
12490,20001229,-0.090909
12490,20010131,0.317647
12490,20010228,-0.106875
12490,20010330,-0.037237
12490,20010430,0.197130
12490,20010531,-0.027792
12490,20010629,0.010733
12490,20010731,-0.068938
12490,20010831,-0.048665
12490,20010928,-0.082341
12490,20011031,0.178260
12490,20011130,0.070880
12490,20011231,0.046457
12490,20020131,-0.108052
12490,20020228,-0.089258
12490,20020328,0.059927
12490,20020430,-0.194615
12490,20020531,-0.037727
12490,20020628,-0.105034
12490,20020731,-0.022222
12490,20020830,0.072869
12490,20020930,-0.226453
12490,20021031,0.353799
12490,20021129,0.102990
12490,20021231,-0.108375
12490,20030131,0.009032
12490,20030228,-0.001279
12490,20030331,0.006158
12490,20030430,0.082494
12490,20030530,0.038869
12490,20030630,-0.062926
12490,20030731,-0.015152
12490,20030829,0.011323
12490,20030930,0.077064
12490,20031031,0.013019
12490,20031128,0.013634
12490,20031231,0.023636
12490,20040130,0.070673
12490,20040227,-0.025899
12490,20040331,-0.048290
12490,20040430,-0.039961
12490,20040528,0.006805
12490,20040630,-0.004967
12490,20040730,-0.012252
12490,20040831,-0.025267
12490,20040930,0.012398
12490,20041029,0.046769
12490,20041130,0.052033
12490,20041231,0.046053
12490,20050131,-0.052343
12490,20050228,-0.007065
12490,20050331,-0.012962
12490,20050429,-0.164150
12490,20050531,-0.008248
12490,20050630,-0.017869
12490,20050729,0.124798
12490,20050831,-0.031632
12490,20050930,-0.004962
12490,20051031,0.020693
12490,20051130,0.088178
12490,20051230,-0.075366
12490,20060131,-0.010949
12490,20060228,-0.010578
12490,20060331,0.027792
12490,20060428,-0.001576
12490,20060531,-0.025990
12490,20060630,-0.038548
12490,20060731,0.007680
12490,20060831,0.049864
12490,20060929,0.011980
12490,20061031,0.126800
12490,20061130,-0.001191
12490,20061229,0.056897
12490,20070131,0.020587
12490,20070228,-0.059607
12490,20070330,0.014203
12490,20070430,0.084341
12490,20070531,0.046864
12490,20070629,-0.012664
12490,20070731,0.051306
12490,20070831,0.058202
12490,20070928,0.009512
12490,20071031,-0.014261
12490,20071130,-0.090768
12490,20071231,0.027762
12490,20080131,-0.009158
12490,20080229,0.066754
12490,20080331,0.011242
12490,20080430,0.048289
12490,20080530,0.076471
12490,20080630,-0.084215
12490,20080731,0.079727
12490,20080829,-0.044929
12490,20080930,-0.039185
12490,20081031,-0.205113
12490,20081128,-0.116919
12490,20081231,0.031373
12490,20090130,0.088997
12490,20090227,0.009602
12490,20090331,0.052809
12490,20090430,0.065229
12490,20090529,0.035074
12490,20090630,-0.017501
12490,20090731,0.129381
12490,20090831,0.005681
12490,20090930,0.013215
12490,20091030,0.008361
12490,20091130,0.052152
12490,20091231,0.036011
12490,20100129,-0.065011
12490,20100226,0.043468
12490,20100331,0.008572
12490,20100430,0.005848
12490,20100528,-0.023953
12490,20100630,-0.014210
12490,20100730,0.039844
12490,20100831,-0.035981
12490,20100930,0.089418
12490,20101029,0.070523
12490,20101130,-0.010376
12490,20101231,0.037466
12490,20110131,0.103843
12490,20110228,0.003272
12490,20110331,0.007351
12490,20110429,0.046054
12490,20110531,-0.005276
12490,20110630,0.015509
12490,20110729,0.060041
12490,20110831,-0.050536
12490,20110930,0.017218
12490,20111031,0.055813
12490,20111130,0.022315
12490,20111230,-0.021915
12490,20120131,0.047422
12490,20120229,0.025337
12490,20120330,0.060591
12490,20120430,-0.007525
12490,20120531,-0.064371
12490,20120629,0.013893
12490,20120731,0.002045
12490,20120831,-0.001429
12490,20120928,0.064665
12490,20121031,-0.062280
12490,20121130,-0.018558
12490,20121231,0.007787
12490,20130131,0.060141
12490,20130228,-0.006845
12490,20130328,0.062092
12490,20130430,-0.050445
12490,20130531,0.031747
12490,20130628,-0.081290
12490,20130731,0.020564
12490,20130830,-0.060603
12490,20130930,0.015965
12490,20131031,-0.032239
12490,20131129,0.007924
12490,20131231,0.043911
12490,20140131,-0.058058
12490,20140228,0.053430
12490,20140331,0.039531
12490,20140430,0.020676
12490,20140530,-0.056039
12490,20140630,-0.016761
12490,20140731,0.057373
12490,20140829,0.009026
12490,20140930,-0.012845
12490,20141031,-0.133962
12490,20141128,-0.006873
12490,20141231,-0.010668
12490,20150130,-0.044440
12490,20150227,0.063466
12490,20150331,-0.008892
12490,20150430,0.067227
12490,20150529,-0.001985
12490,20150630,-0.041202
12490,20150731,-0.004119
12490,20150831,-0.079017
12490,20150930,-0.019744
12490,20151030,-0.033731
12490,20151130,0.004569
12490,20151231,-0.012911
12490,20160129,-0.093228
12490,20160229,0.060421
12490,20160331,0.155842
12490,20160429,-0.036382
12490,20160531,0.063040
12490,20160630,-0.012749
12490,20160729,0.058242
12490,20160831,-0.002117
12490,20160930,-0.000189
12490,20161031,-0.032483
12490,20161130,0.064611
12490,20161230,0.023240
12490,20170131,0.051389
12490,20170228,0.038391
12490,20170331,-0.031587
12490,20170428,-0.079534
12490,20170531,-0.038430
12490,20170630,0.007862
12490,20170731,-0.059546
12490,20170831,-0.000968
12490,20170929,0.014333
12490,20171031,0.061897
12490,20171130,0.009152
12490,20171229,-0.003572
12490,20180131,0.067006
12490,20180228,-0.038913
12490,20180329,-0.015401
12490,20180430,-0.055204
12490,20180531,-0.014349
12490,20180629,-0.011393
12490,20180731,0.037437
12490,20180831,0.021528
12490,20180928,0.032291
12490,20181031,-0.236625
12490,20181130,0.090184
12490,20181231,-0.085298
14008,19990129,0.222355
14008,19990226,-0.022983
14008,19990331,0.199199
14008,19990430,-0.179466
14008,19990528,0.029502
14008,19990630,-0.037549
14008,19990730,0.262834
14008,19990831,0.082114
14008,19990930,-0.020286
14008,19991029,-0.021472
14008,19991130,0.142633
14008,19991231,0.318244
14008,20000131,0.060354
14008,20000229,0.070658
14008,20000331,-0.099908
14008,20000428,-0.087576
14008,20000531,0.136161
14008,20000630,0.104126
14008,20000731,-0.075623
14008,20000831,0.167469
14008,20000929,-0.078937
14008,20001031,-0.170284
14008,20001130,0.098166
14008,20001229,0.004912
14008,20010131,0.099707
14008,20010228,0.024889
14008,20010330,-0.164788
14008,20010430,0.015826
14008,20010531,0.085705
14008,20010629,-0.085869
14008,20010731,0.033454
14008,20010831,0.025355
14008,20010928,-0.086003
14008,20011031,-0.033180
14008,20011130,0.169131
14008,20011231,-0.150384
14008,20020131,-0.016655
14008,20020228,0.044685
14008,20020328,0.029320
14008,20020430,-0.113941
14008,20020531,-0.099281
14008,20020628,-0.120722
14008,20020731,0.089780
14008,20020830,-0.013365
14008,20020930,-0.073951
14008,20021031,0.116547
14008,20021129,0.013746
14008,20021231,0.024153
14008,20030131,0.054199
14008,20030228,0.072214
14008,20030331,0.053258
14008,20030430,0.065161
14008,20030530,0.056117
14008,20030630,0.018536
14008,20030731,0.052927
14008,20030829,-0.050266
14008,20030930,-0.021535
14008,20031031,-0.042777
14008,20031128,-0.067034
14008,20031231,0.072371
14008,20040130,0.046448
14008,20040227,-0.017492
14008,20040331,-0.084670
14008,20040430,-0.029923
14008,20040528,-0.030314
14008,20040630,-0.002377
14008,20040730,0.042331
14008,20040831,0.042370
14008,20040930,-0.041828
14008,20041029,-0.000176
14008,20041130,0.057042
14008,20041231,0.068454
14008,20050131,-0.029774
14008,20050228,-0.010122
14008,20050331,-0.055186
14008,20050429,0.000000
14008,20050531,0.075073
14008,20050630,-0.033877
14008,20050729,0.319385
14008,20050831,0.001630
14008,20050930,-0.002879
14008,20051031,-0.050835
14008,20051130,0.070219
14008,20051230,-0.025578
14008,20060131,-0.075704
14008,20060228,0.035533
14008,20060331,-0.036169
14008,20060428,-0.069416
14008,20060531,-0.001625
14008,20060630,-0.034916
14008,20060731,0.068680
14008,20060831,-0.024100
14008,20060929,0.051448
14008,20061031,0.061233
14008,20061130,-0.064155
14008,20061229,-0.038429
14008,20070131,0.030157
14008,20070228,-0.086827
14008,20070330,-0.130408
14008,20070430,0.147817
14008,20070531,-0.119894
14008,20070629,-0.020549
14008,20070731,-0.028034
14008,20070831,-0.067547
14008,20070928,0.128916
14008,20071031,0.027223
14008,20071130,-0.049217
14008,20071231,-0.159457
14008,20080131,0.003230
14008,20080229,-0.022966
14008,20080331,-0.082162
14008,20080430,0.002154
14008,20080530,0.051588
14008,20080630,0.071088
14008,20080731,0.328032
14008,20080829,0.003513
14008,20080930,-0.056961
14008,20081031,0.010461
14008,20081128,-0.072633
14008,20081231,0.039791
14008,20090130,-0.050216
14008,20090227,-0.107931
14008,20090331,0.012058
14008,20090430,-0.021204
14008,20090529,0.030328
14008,20090630,0.060072
14008,20090731,0.176993
14008,20090831,-0.040603
14008,20090930,0.007528
14008,20091030,-0.109746
14008,20091130,0.050914
14008,20091231,0.003904
14008,20100129,0.033763
14008,20100226,-0.031977
14008,20100331,0.057013
14008,20100430,-0.042239
14008,20100528,-0.096493
14008,20100630,0.015836
14008,20100730,0.036692
14008,20100831,-0.064001
14008,20100930,0.079741
14008,20101029,0.037743
14008,20101130,-0.078685
14008,20101231,0.041943
14008,20110131,0.003279
14008,20110228,-0.068083
14008,20110331,0.041301
14008,20110429,0.063611
14008,20110531,0.064908
14008,20110630,-0.036174
14008,20110729,-0.062554
14008,20110831,0.018007
14008,20110930,-0.008032
14008,20111031,0.042031
14008,20111130,0.016064
14008,20111230,0.108789
14008,20120131,0.057935
14008,20120229,0.006477
14008,20120330,-0.000588
14008,20120430,0.046197
14008,20120531,-0.017297
14008,20120629,0.048763
14008,20120731,0.132904
14008,20120831,0.020339
14008,20120928,0.004409
14008,20121031,0.026100
14008,20121130,0.030871
14008,20121231,-0.029279
14008,20130131,-0.008585
14008,20130228,0.076761
14008,20130328,0.119716
14008,20130430,0.016584
14008,20130531,-0.030803
14008,20130628,-0.018601
14008,20130731,0.097608
14008,20130830,0.010343
14008,20130930,0.027400
14008,20131031,0.037659
14008,20131129,-0.013690
14008,20131231,0.000000
14008,20140131,0.042689
14008,20140228,0.047751
14008,20140331,-0.005483
14008,20140430,-0.093968
14008,20140530,0.043400
14008,20140630,0.020519
14008,20140731,0.076202
14008,20140829,0.098909
14008,20140930,0.007749
14008,20141031,0.154635
14008,20141128,0.023061
14008,20141231,-0.036416
14008,20150130,-0.044133
14008,20150227,0.041048
14008,20150331,0.013505
14008,20150430,-0.012136
14008,20150529,-0.005446
14008,20150630,-0.017535
14008,20150731,0.150274
14008,20150831,-0.136021
14008,20150930,-0.088681
14008,20151030,0.143580
14008,20151130,0.023454
14008,20151231,0.007635
14008,20160129,-0.059139
14008,20160229,-0.061874
14008,20160331,0.053767
14008,20160429,0.055826
14008,20160531,0.004106
14008,20160630,-0.036720
14008,20160729,0.130661
14008,20160831,-0.005639
14008,20160930,-0.019111
14008,20161031,-0.153768
14008,20161130,0.027699
14008,20161230,0.014854
14008,20170131,0.071609
14008,20170228,0.134031
14008,20170331,-0.070583
14008,20170428,-0.004571
14008,20170531,-0.042432
14008,20170630,0.109443
14008,20170731,0.013238
14008,20170831,0.025271
14008,20170929,0.048827
14008,20171031,-0.060231
14008,20171130,0.009074
14008,20171229,-0.010019
14008,20180131,0.069868
14008,20180228,-0.005160
14008,20180329,-0.072319
14008,20180430,0.023463
14008,20180531,0.037024
14008,20180629,0.027670
14008,20180731,0.064792
14008,20180831,0.023302
14008,20180928,0.037436
14008,20181031,-0.069950
14008,20181130,0.087038
14008,20181231,-0.065210
18411,19990129,-0.061591
18411,19990226,-0.069606
18411,19990331,-0.069825
18411,19990430,0.175228
18411,19990528,0.048499
18411,19990630,-0.066079
18411,19990730,0.007925
18411,19990831,0.026066
18411,19990930,-0.048499
18411,19991029,0.044563
18411,19991130,-0.120000
18411,19991231,0.005348
18411,20000131,0.093085
18411,20000229,-0.123212
18411,20000331,-0.019718
18411,20000428,0.161954
18411,20000531,0.040100
18411,20000630,-0.101205
18411,20000731,0.048257
18411,20000831,0.238772
18411,20000929,0.083507
18411,20001031,-0.094412
18411,20001130,0.085872
18411,20001229,0.053465
18411,20010131,-0.122406
18411,20010228,0.072138
18411,20010330,0.133764
18411,20010430,0.073004
18411,20010531,0.020735
18411,20010629,-0.012319
18411,20010731,0.010753
18411,20010831,0.000213
18411,20010928,0.034959
18411,20011031,-0.003336
18411,20011130,-0.034100
18411,20011231,0.114286
18411,20020131,-0.014398
18411,20020228,0.030426
18411,20020328,0.042913
18411,20020430,0.070215
18411,20020531,-0.035802
18411,20020628,0.014815
18411,20020731,0.050365
18411,20020830,0.018155
18411,20020930,-0.006215
18411,20021031,0.043867
18411,20021129,-0.119192
18411,20021231,0.085245
18411,20030131,0.004315
18411,20030228,0.001420
18411,20030331,0.008153
18411,20030430,0.022855
18411,20030530,0.093933
18411,20030630,-0.010165
18411,20030731,-0.076059
18411,20030829,-0.002110
18411,20030930,0.034179
18411,20031031,0.027257
18411,20031128,-0.017785
18411,20031231,0.033481
18411,20040130,-0.003306
18411,20040227,0.017450
18411,20040331,0.005937
18411,20040430,-0.045574
18411,20040528,0.005563
18411,20040630,0.007953
18411,20040730,0.016724
18411,20040831,0.036544
18411,20040930,-0.012191
18411,20041029,0.065627
18411,20041130,0.037987
18411,20041231,0.022263
18411,20050131,0.007458
18411,20050228,-0.038274
18411,20050331,-0.009029
18411,20050429,0.046890
18411,20050531,0.030349
18411,20050630,0.021208
18411,20050729,0.019974
18411,20050831,-0.016862
18411,20050930,0.039535
18411,20051031,-0.021532
18411,20051130,0.002644
18411,20051230,-0.005186
18411,20060131,0.007819
18411,20060228,-0.011422
18411,20060331,-0.037026
18411,20060428,-0.004654
18411,20060531,-0.008067
18411,20060630,0.002502
18411,20060731,0.053978
18411,20060831,0.025977
18411,20060929,0.005544
18411,20061031,0.056297
18411,20061130,0.006525
18411,20061229,0.016828
18411,20070131,-0.008953
18411,20070228,-0.009376
18411,20070330,0.023743
18411,20070430,0.031105
18411,20070531,-0.036452
18411,20070629,-0.047764
18411,20070731,-0.018956
18411,20070831,0.066959
18411,20070928,0.022260
18411,20071031,0.010474
18411,20071130,0.037166
18411,20071231,0.030037
18411,20080131,-0.051161
18411,20080229,-0.050461
18411,20080331,0.031277
18411,20080430,0.045493
18411,20080530,-0.016385
18411,20080630,-0.035359
18411,20080731,0.025487
18411,20080829,0.059904
18411,20080930,0.004799
18411,20081031,-0.077739
18411,20081128,0.057659
18411,20081231,0.018722
18411,20090130,-0.084595
18411,20090227,-0.093871
18411,20090331,0.010228
18411,20090430,-0.042538
18411,20090529,-0.016274
18411,20090630,0.096797
18411,20090731,0.021743
18411,20090831,-0.006369
18411,20090930,0.015064
18411,20091030,-0.001342
18411,20091130,0.028855
18411,20091231,0.038330
18411,20100129,-0.026486
18411,20100226,-0.007187
18411,20100331,0.043752
18411,20100430,0.055941
18411,20100528,-0.053819
18411,20100630,0.017737
18411,20100730,0.075271
18411,20100831,0.038494
18411,20100930,0.014991
18411,20101029,0.029135
18411,20101130,-0.003961
18411,20101231,0.013521
18411,20110131,-0.015956
18411,20110228,0.025120
18411,20110331,0.000000
18411,20110429,0.036801
18411,20110531,0.026639
18411,20110630,0.007485
18411,20110729,-0.009101
18411,20110831,0.046029
18411,20110930,0.024420
18411,20111031,0.019589
18411,20111130,0.027373
18411,20111230,0.054202
18411,20120131,-0.015770
18411,20120229,-0.019699
18411,20120330,0.016746
18411,20120430,0.022479
18411,20120531,0.010013
18411,20120629,0.008495
18411,20120731,0.039957
18411,20120831,-0.048390
18411,20120928,0.016766
18411,20121031,0.016273
18411,20121130,-0.059778
18411,20121231,-0.016992
18411,20130131,0.044616
18411,20130228,0.017635
18411,20130328,0.042435
18411,20130430,0.027920
18411,20130531,-0.079256
18411,20130628,0.005239
18411,20130731,0.016089
18411,20130830,-0.060493
18411,20130930,-0.010572
18411,20131031,0.005767
18411,20131129,-0.006844
18411,20131231,0.011814
18411,20140131,0.015507
18411,20140228,0.026916
18411,20140331,0.037544
18411,20140430,0.043013
18411,20140530,-0.033275
18411,20140630,0.036546
18411,20140731,-0.034487
18411,20140829,0.025641
18411,20140930,-0.016892
18411,20141031,0.074112
18411,20141128,0.023080
18411,20141231,0.035421
18411,20150130,0.032784
18411,20150227,-0.086849
18411,20150331,-0.032977
18411,20150430,0.000452
18411,20150529,-0.001524
18411,20150630,-0.040970
18411,20150731,0.067542
18411,20150831,-0.017382
18411,20150930,0.029717
18411,20151030,0.008948
18411,20151130,-0.000388
18411,20151231,0.050516
18411,20160129,0.045522
18411,20160229,-0.004037
18411,20160331,0.073682
18411,20160429,-0.031510
18411,20160531,-0.001996
18411,20160630,0.084749
18411,20160729,-0.002424
18411,20160831,-0.030093
18411,20160930,-0.000585
18411,20161031,0.005263
18411,20161130,-0.081249
18411,20161230,0.050619
18411,20170131,0.004879
18411,20170228,0.039450
18411,20170331,-0.020464
18411,20170428,0.000402
18411,20170531,0.027912
18411,20170630,-0.053942
18411,20170731,0.001044
18411,20170831,0.018986
18411,20170929,0.018235
18411,20171031,0.062271
18411,20171130,-0.008046
18411,20171229,-0.060742
18411,20180131,-0.061967
18411,20180228,-0.032587
18411,20180329,0.037157
18411,20180430,0.032691
18411,20180531,-0.013443
18411,20180629,0.031403
18411,20180731,0.049449
18411,20180831,-0.086831
18411,20180928,-0.004111
18411,20181031,0.032798
18411,20181130,0.064402
18411,20181231,-0.072047
19561,19990129,0.063218
19561,19990226,0.031063
19561,19990331,-0.045614
19561,19990430,0.194853
19561,19990528,0.038831
19561,19990630,0.046062
19561,19990730,0.031250
19561,19990831,0.001708
19561,19990930,-0.059310
19561,19991029,0.080645
19561,19991130,-0.115007
19561,19991231,0.020000
19561,20000131,0.073906
19561,20000229,-0.166798
19561,20000331,0.023689
19561,20000428,0.049587
19561,20000531,-0.012220
19561,20000630,0.070400
19561,20000731,0.171898
19561,20000831,0.097245
19561,20000929,0.174825
19561,20001031,0.076389
19561,20001130,0.020498
19561,20001229,-0.044344
19561,20010131,-0.113636
19561,20010228,0.066154
19561,20010330,-0.104341
19561,20010430,0.109316
19561,20010531,0.020388
19561,20010629,-0.115917
19561,20010731,0.052698
19561,20010831,-0.122330
19561,20010928,-0.345703
19561,20011031,-0.026866
19561,20011130,0.081902
19561,20011231,0.104843
19561,20020131,0.055957
19561,20020228,0.126496
19561,20020328,0.049826
19561,20020430,-0.075648
19561,20020531,-0.039910
19561,20020628,0.055100
19561,20020731,-0.077333
19561,20020830,-0.103083
19561,20020930,-0.079309
19561,20021031,-0.128333
19561,20021129,0.150252
19561,20021231,-0.031131
19561,20030131,-0.042437
19561,20030228,-0.122191
19561,20030331,-0.090711
19561,20030430,0.088587
19561,20030530,0.130499
19561,20030630,0.119009
19561,20030731,-0.034965
19561,20030829,0.134058
19561,20030930,-0.081840
19561,20031031,0.121177
19561,20031128,0.001819
19561,20031231,0.097682
19561,20040130,-0.009255
19561,20040227,0.042874
19561,20040331,-0.053032
19561,20040430,0.039445
19561,20040528,0.077536
19561,20040630,0.115502
19561,20040730,-0.006655
19561,20040831,0.032906
19561,20040930,-0.011490
19561,20041029,-0.033320
19561,20041130,0.077555
19561,20041231,-0.033601
19561,20050131,-0.022600
19561,20050228,0.091304
19561,20050331,0.063489
19561,20050429,0.018132
19561,20050531,0.077789
19561,20050630,0.032864
19561,20050729,0.000152
19561,20050831,0.019088
19561,20050930,0.013876
19561,20051031,-0.048712
19561,20051130,0.058787
19561,20051230,0.030063
19561,20060131,-0.027477
19561,20060228,0.068511
19561,20060331,0.072087
19561,20060428,0.070833
19561,20060531,0.001198
19561,20060630,-0.016096
19561,20060731,-0.054816
19561,20060831,-0.028675
19561,20060929,0.052737
19561,20061031,0.012809
19561,20061130,0.112322
19561,20061229,0.003502
19561,20070131,0.008104
19561,20070228,-0.021773
19561,20070330,0.018909
19561,20070430,0.046002
19561,20070531,0.085376
19561,20070629,-0.044040
19561,20070731,0.075603
19561,20070831,-0.061684
19561,20070928,0.085729
19561,20071031,-0.060958
19561,20071130,-0.057815
19561,20071231,-0.054895
19561,20080131,-0.048937
19561,20080229,0.000120
19561,20080331,-0.101703
19561,20080430,0.141051
19561,20080530,-0.019915
19561,20080630,-0.205992
19561,20080731,-0.070146
19561,20080829,0.079365
19561,20080930,-0.125229
19561,20081031,-0.085963
19561,20081128,-0.179130
19561,20081231,0.000938
19561,20090130,-0.008437
19561,20090227,-0.246987
19561,20090331,0.131679
19561,20090430,0.125632
19561,20090529,0.130337
19561,20090630,-0.052397
19561,20090731,0.009647
19561,20090831,0.167327
19561,20090930,0.090195
19561,20091030,-0.117267
19561,20091130,0.105230
19561,20091231,0.032818
19561,20100129,0.119527
19561,20100226,0.049175
19561,20100331,0.149620
19561,20100430,-0.002479
19561,20100528,-0.108104
19561,20100630,-0.022281
19561,20100730,0.085896
19561,20100831,-0.096713
19561,20100930,0.088500
19561,20101029,0.061617
19561,20101130,-0.091308
19561,20101231,0.023365
19561,20110131,0.064664
19561,20110228,0.042458
19561,20110331,0.026663
19561,20110429,0.079129
19561,20110531,-0.016671
19561,20110630,-0.052544
19561,20110729,-0.046801
19561,20110831,-0.045267
19561,20110930,-0.094975
19561,20111031,0.087258
19561,20111130,0.050464
19561,20111230,0.067841
19561,20120131,0.011316
19561,20120229,0.016312
19561,20120330,-0.007738
19561,20120430,0.032674
19561,20120531,-0.087891
19561,20120629,0.067375
19561,20120731,-0.005249
19561,20120831,-0.028007
19561,20120928,-0.025280
19561,20121031,0.012142
19561,20121130,0.060761
19561,20121231,0.014540
19561,20130131,-0.019772
19561,20130228,0.047584
19561,20130328,0.116385
19561,20130430,0.064764
19561,20130531,0.088557
19561,20130628,0.034539
19561,20130731,0.025966
19561,20130830,-0.006613
19561,20130930,0.130677
19561,20131031,0.110638
19561,20131129,0.032452
19561,20131231,0.016685
19561,20140131,-0.082277
19561,20140228,0.035047
19561,20140331,-0.026606
19561,20140430,0.028130
19561,20140530,0.053945
19561,20140630,-0.059298
19561,20140731,-0.053054
19561,20140829,0.058516
19561,20140930,0.004574
19561,20141031,-0.019391
19561,20141128,0.081499
19561,20141231,-0.032599
19561,20150130,0.118403
19561,20150227,0.043957
19561,20150331,-0.005104
19561,20150430,-0.044909
19561,20150529,-0.013325
19561,20150630,-0.012810
19561,20150731,0.039288
19561,20150831,-0.087258
19561,20150930,0.002066
19561,20151030,0.130737
19561,20151130,-0.011549
19561,20151231,-0.005913
19561,20160129,-0.169168
19561,20160229,-0.007159
19561,20160331,0.074124
19561,20160429,0.061919
19561,20160531,-0.056083
19561,20160630,0.029489
19561,20160729,0.029183
19561,20160831,-0.023343
19561,20160930,0.017690
19561,20161031,0.081145
19561,20161130,0.064734
19561,20161230,0.034006
19561,20170131,0.049717
19561,20170228,0.111553
19561,20170331,-0.018698
19561,20170428,0.045064
19561,20170531,0.022832
19561,20170630,0.053936
19561,20170731,0.226094
19561,20170831,-0.005692
19561,20170929,0.060711
19561,20171031,0.014830
19561,20171130,0.078456
19561,20171229,0.065426
19561,20180131,0.201621
19561,20180228,0.026949
19561,20180329,-0.094779
19561,20180430,0.017323
19561,20180531,0.060889
19561,20180629,-0.047280
19561,20180731,0.061965
19561,20180831,-0.033118
19561,20180928,0.084921
19561,20181031,-0.045819
19561,20181130,-0.018007
19561,20181231,-0.069962
22111,19990129,0.014903
22111,19990226,0.005874
22111,19990331,0.095168
22111,19990430,0.042781
22111,19990528,-0.047128
22111,19990630,0.058030
22111,19990730,-0.070791
22111,19990831,0.125930
22111,19990930,-0.101467
22111,19991029,0.140136
22111,19991130,-0.006874
22111,19991231,-0.101205
22111,20000131,-0.077078
22111,20000229,-0.160145
22111,20000331,-0.024306
22111,20000428,0.174377
22111,20000531,0.088727
22111,20000630,0.138268
22111,20000731,-0.086503
22111,20000831,-0.008650
22111,20000929,0.021754
22111,20001031,-0.019295
22111,20001130,0.088955
22111,20001229,0.050625
22111,20010131,-0.113575
22111,20010228,0.048534
22111,20010330,-0.101305
22111,20010430,0.103007
22111,20010531,0.008603
22111,20010629,0.031460
22111,20010731,0.082000
22111,20010831,-0.022366
22111,20010928,0.051034
22111,20011031,0.045307
22111,20011130,0.008979
22111,20011231,0.014592
22111,20020131,-0.026904
22111,20020228,0.062076
22111,20020328,0.066502
22111,20020430,-0.016782
22111,20020531,-0.036095
22111,20020628,-0.148166
22111,20020731,0.014160
22111,20020830,0.028585
22111,20020930,-0.004235
22111,20021031,0.086354
22111,20021129,-0.025957
22111,20021231,-0.058050
22111,20030131,-0.001862
22111,20030228,-0.017814
22111,20030331,0.103336
22111,20030430,-0.026093
22111,20030530,-0.031405
22111,20030630,-0.048758
22111,20030731,0.001741
22111,20030829,-0.038038
22111,20030930,-0.001210
22111,20031031,0.016357
22111,20031128,-0.015696
22111,20031231,0.047870
22111,20040130,0.034069
22111,20040227,0.013665
22111,20040331,-0.059173
22111,20040430,0.065260
22111,20040528,0.036369
22111,20040630,-0.000179
22111,20040730,-0.007720
22111,20040831,0.056360
22111,20040930,-0.030465
22111,20041029,0.036393
22111,20041130,0.038112
22111,20041231,0.051393
22111,20050131,0.020183
22111,20050228,0.018315
22111,20050331,0.023781
22111,20050429,0.021888
22111,20050531,-0.017485
22111,20050630,-0.031297
22111,20050729,-0.016000
22111,20050831,-0.003752
22111,20050930,-0.001735
22111,20051031,-0.010430
22111,20051130,-0.008623
22111,20051230,-0.026721
22111,20060131,-0.042596
22111,20060228,0.007647
22111,20060331,0.027233
22111,20060428,-0.010301
22111,20060531,0.033868
22111,20060630,-0.004982
22111,20060731,0.043892
22111,20060831,0.039728
22111,20060929,0.004330
22111,20061031,0.037881
22111,20061130,-0.016543
22111,20061229,0.001669
22111,20070131,0.011815
22111,20070228,-0.052320
22111,20070330,-0.042428
22111,20070430,0.065715
22111,20070531,-0.008331
22111,20070629,-0.026079
22111,20070731,-0.018176
22111,20070831,0.028182
22111,20070928,0.063279
22111,20071031,-0.008067
22111,20071130,0.045803
22111,20071231,-0.015353
22111,20080131,-0.053373
22111,20080229,-0.012116
22111,20080331,0.046966
22111,20080430,0.034222
22111,20080530,0.001640
22111,20080630,-0.035960
22111,20080731,0.064190
22111,20080829,0.035344
22111,20080930,-0.016328
22111,20081031,-0.114607
22111,20081128,-0.037496
22111,20081231,0.021338
22111,20090130,-0.035768
22111,20090227,-0.125325
22111,20090331,0.052000
22111,20090430,-0.004563
22111,20090529,0.062834
22111,20090630,0.029732
22111,20090731,0.072007
22111,20090831,0.000657
22111,20090930,0.007445
22111,20091030,-0.030218
22111,20091130,0.072481
22111,20091231,0.024984
22111,20100129,-0.024065
22111,20100226,0.010022
22111,20100331,0.034921
22111,20100430,-0.013804
22111,20100528,-0.084915
22111,20100630,0.013036
22111,20100730,-0.016424
22111,20100831,-0.009124
22111,20100930,0.086636
22111,20101029,0.028728
22111,20101130,-0.025886
22111,20101231,0.004874
22111,20110131,-0.033630
22111,20110228,0.036975
22111,20110331,-0.035645
22111,20110429,0.109198
22111,20110531,0.032562
22111,20110630,-0.011443
22111,20110729,-0.026007
22111,20110831,0.024387
22111,20110930,-0.032067
22111,20111031,0.010991
22111,20111130,0.013977
22111,20111230,0.013288
22111,20120131,0.005032
22111,20120229,-0.003945
22111,20120330,0.013522
22111,20120430,-0.013038
22111,20120531,-0.031644
22111,20120629,0.082172
22111,20120731,0.024571
22111,20120831,-0.017047
22111,20120928,0.021949
22111,20121031,0.027717
22111,20121130,-0.006778
22111,20121231,0.005306
22111,20130131,0.054494
22111,20130228,0.037879
22111,20130328,0.071213
22111,20130430,0.045382
22111,20130531,-0.004576
22111,20130628,0.019957
22111,20130731,0.088982
22111,20130830,-0.068770
22111,20130930,0.003240
22111,20131031,0.068289
22111,20131129,0.029263
22111,20131231,-0.032432
22111,20140131,-0.034065
22111,20140228,0.048717
22111,20140331,0.066327
22111,20140430,0.031151
22111,20140530,0.008589
22111,20140630,0.031145
22111,20140731,-0.043300
22111,20140829,0.043361
22111,20140930,0.027572
22111,20141031,0.011164
22111,20141128,0.010855
22111,20141231,-0.033995
22111,20150130,-0.042364
22111,20150227,0.030657
22111,20150331,-0.018632
22111,20150430,-0.013917
22111,20150529,0.017036
22111,20150630,-0.026763
22111,20150731,0.028217
22111,20150831,-0.054685
22111,20150930,-0.006704
22111,20151030,0.082271
22111,20151130,0.009502
22111,20151231,0.014619
22111,20160129,0.016745
22111,20160229,0.014554
22111,20160331,0.028419
22111,20160429,0.035860
22111,20160531,0.012580
22111,20160630,0.076404
22111,20160729,0.032399
22111,20160831,-0.040645
22111,20160930,-0.010139
22111,20161031,-0.018116
22111,20161130,-0.033537
22111,20161230,0.035130
22111,20170131,-0.017012
22111,20170228,0.086181
22111,20170331,0.019147
22111,20170428,-0.008671
22111,20170531,0.045517
22111,20170630,0.031501
22111,20170731,0.003250
22111,20170831,0.003692
22111,20170929,-0.017829
22111,20171031,0.072302
22111,20171130,0.005452
22111,20171229,0.002799
22111,20180131,-0.010950
22111,20180228,-0.054056
22111,20180329,-0.013320
22111,20180430,-0.012954
22111,20180531,-0.047197
22111,20180629,0.014379
22111,20180731,0.092138
22111,20180831,0.023166
22111,20180928,0.025837
22111,20181031,0.013172
22111,20181130,0.055790
22111,20181231,-0.121511
56573,19990129,0.039871
56573,19990226,0.139896
56573,19990331,-0.097818
56573,19990430,0.244444
56573,19990528,-0.003247
56573,19990630,0.067101
56573,19990730,-0.090979
56573,19990831,0.048780
56573,19990930,-0.040994
56573,19991029,-0.015088
56573,19991130,-0.118298
56573,19991231,0.046216
56573,20000131,-0.134135
56573,20000229,-0.116453
56573,20000331,0.072406
56573,20000428,0.159502
56573,20000531,-0.093659
56573,20000630,-0.015199
56573,20000731,0.004386
56573,20000831,-0.020742
56573,20000929,0.000223
56573,20001031,-0.005593
56573,20001130,0.013498
56573,20001229,0.061265
56573,20010131,0.099685
56573,20010228,-0.075573
56573,20010330,-0.057969
56573,20010430,0.115060
56573,20010531,0.080151
56573,20010629,-0.072451
56573,20010731,-0.004739
56573,20010831,-0.007778
56573,20010928,-0.130859
56573,20011031,0.057106
56573,20011130,0.072552
56573,20011231,0.107417
56573,20020131,0.054046
56573,20020228,0.030541
56573,20020328,-0.013458
56573,20020430,-0.003455
56573,20020531,-0.014840
56573,20020628,-0.035337
56573,20020731,-0.033821
56573,20020830,0.038339
56573,20020930,-0.145359
56573,20021031,0.052632
56573,20021129,0.107329
56573,20021231,-0.042653
56573,20030131,-0.062288
56573,20030228,-0.020552
56573,20030331,-0.019976
56573,20030430,0.100258
56573,20030530,-0.030166
56573,20030630,0.064948
56573,20030731,0.057707
56573,20030829,0.037904
56573,20030930,-0.080094
56573,20031031,0.110021
56573,20031128,0.061863
56573,20031231,0.077465
56573,20040130,-0.069241
56573,20040227,0.018182
56573,20040331,-0.000629
56573,20040430,0.088098
56573,20040528,0.042570
56573,20040630,0.069537
56573,20040730,-0.056002
56573,20040831,0.008506
56573,20040930,0.023661
56573,20041029,-0.009552
56573,20041130,0.021131
56573,20041231,-0.013478
56573,20050131,-0.061502
56573,20050228,0.031846
56573,20050331,0.000669
56573,20050429,-0.063777
56573,20050531,0.007278
56573,20050630,-0.052943
56573,20050729,0.074925
56573,20050831,-0.015995
56573,20050930,-0.019222
56573,20051031,0.029515
56573,20051130,0.041411
56573,20051230,0.000566
56573,20060131,-0.042050
56573,20060228,0.018389
56573,20060331,0.125815
56573,20060428,0.066348
56573,20060531,-0.033106
56573,20060630,-0.039980
56573,20060731,-0.037263
56573,20060831,-0.040017
56573,20060929,0.027563
56573,20061031,0.067483
56573,20061130,-0.015231
56573,20061229,-0.016949
56573,20070131,0.103919
56573,20070228,0.012748
56573,20070330,0.003292
56573,20070430,-0.005620
56573,20070531,0.027480
56573,20070629,0.031866
56573,20070731,0.015870
56573,20070831,0.056676
56573,20070928,0.030084
56573,20071031,-0.039906
56573,20071130,-0.030737
56573,20071231,-0.030270
56573,20080131,-0.058274
56573,20080229,-0.026775
56573,20080331,-0.011412
56573,20080430,0.084180
56573,20080530,0.026965
56573,20080630,-0.110056
56573,20080731,-0.013892
56573,20080829,0.058911
56573,20080930,-0.097763
56573,20081031,-0.248819
56573,20081128,0.021863
56573,20081231,0.036342
56573,20090130,-0.068188
56573,20090227,-0.148806
56573,20090331,0.120863
56573,20090430,0.063209
56573,20090529,-0.015549
56573,20090630,0.165996
56573,20090731,0.085967
56573,20090831,0.031319
56573,20090930,0.028694
56573,20091030,0.075158
56573,20091130,0.059233
56573,20091231,-0.006990
56573,20100129,-0.091686
56573,20100226,0.044276
56573,20100331,0.047232
56573,20100430,0.078970
56573,20100528,-0.091389
56573,20100630,-0.104243
56573,20100730,0.053779
56573,20100831,-0.051494
56573,20100930,0.147843
56573,20101029,-0.028499
56573,20101130,0.042688
56573,20101231,0.128281
56573,20110131,0.001685
56573,20110228,0.011404
56573,20110331,-0.000739
56573,20110429,0.087305
56573,20110531,-0.018661
56573,20110630,-0.008548
56573,20110729,-0.118428
56573,20110831,-0.065462
56573,20110930,-0.098410
56573,20111031,0.168990
56573,20111130,-0.065597
56573,20111230,0.035871
56573,20120131,0.135303
56573,20120229,0.050160
56573,20120330,0.032142
56573,20120430,0.004552
56573,20120531,-0.021436
56573,20120629,-0.051647
56573,20120731,0.027415
56573,20120831,0.091093
56573,20120928,0.009445
56573,20121031,0.031276
56573,20121130,0.003913
56573,20121231,-0.006172
56573,20130131,0.033218
56573,20130228,-0.021168
56573,20130328,-0.002927
56573,20130430,0.059403
56573,20130531,0.086276
56573,20130628,-0.008270
56573,20130731,0.041492
56573,20130830,-0.007912
56573,20130930,0.073038
56573,20131031,0.033041
56573,20131129,0.010027
56573,20131231,0.061825
56573,20140131,-0.061965
56573,20140228,0.046025
56573,20140331,-0.009091
56573,20140430,0.047953
56573,20140530,0.015488
56573,20140630,0.016522
56573,20140731,-0.059274
56573,20140829,0.070900
56573,20140930,-0.037467
56573,20141031,0.078536
56573,20141128,0.042614
56573,20141231,0.002686
56573,20150130,-0.017001
56573,20150227,0.061983
56573,20150331,-0.012492
56573,20150430,-0.036648
56573,20150529,0.002672
56573,20150630,-0.016573
56573,20150731,-0.025275
56573,20150831,-0.055214
56573,20150930,-0.019756
56573,20151030,0.116997
56573,20151130,0.022188
56573,20151231,-0.007980
56573,20160129,-0.028161
56573,20160229,0.046408
56573,20160331,0.092732
56573,20160429,0.020305
56573,20160531,0.014447
56573,20160630,-0.012449
56573,20160729,0.107911
56573,20160831,0.029896
56573,20160930,0.013799
56573,20161031,-0.052320
56573,20161130,0.102228
56573,20161230,-0.016536
56573,20170131,0.038707
56573,20170228,0.037814
56573,20170331,0.008409
56573,20170428,0.042425
56573,20170531,0.022666
56573,20170630,0.018977
56573,20170731,-0.017731
56573,20170831,-0.022742
56573,20170929,0.081667
56573,20171031,0.057853
56573,20171130,0.081331
56573,20171229,-0.009572
56573,20180131,0.040875
56573,20180228,-0.070421
56573,20180329,-0.024777
56573,20180430,-0.093451
56573,20180531,0.011829
56573,20180629,-0.030480
56573,20180731,0.034575
56573,20180831,-0.031047
56573,20180928,0.023329
56573,20181031,-0.096018
56573,20181130,0.089990
56573,20181231,-0.081697
59328,19990129,0.188719
59328,19990226,-0.148718
59328,19990331,-0.008859
59328,19990430,0.029443
59328,19990528,-0.115955
59328,19990630,0.100578
59328,19990730,0.159664
59328,19990831,0.191558
59328,19990930,-0.095817
59328,19991029,0.042052
59328,19991130,-0.009298
59328,19991231,0.073350
59328,20000131,0.201974
59328,20000229,0.142438
59328,20000331,0.167589
59328,20000428,-0.038844
59328,20000531,-0.016520
59328,20000630,0.072180
59328,20000731,-0.001403
59328,20000831,0.121948
59328,20000929,-0.444908
59328,20001031,0.082707
59328,20001130,-0.153722
59328,20001229,-0.210181
59328,20010131,0.230769
59328,20010228,-0.227500
59328,20010330,-0.078775
59328,20010430,0.174727
59328,20010531,-0.125526
59328,20010629,0.082932
59328,20010731,0.019145
59328,20010831,-0.061389
59328,20010928,-0.268956
59328,20011031,0.194716
59328,20011130,0.338247
59328,20011231,-0.037048
59328,20020131,0.114149
59328,20020228,-0.184646
59328,20020328,0.065149
59328,20020430,-0.059191
59328,20020531,-0.033904
59328,20020628,-0.338523
59328,20020731,0.028462
59328,20020830,-0.111762
59328,20020930,-0.166767
59328,20021031,0.245500
59328,20021129,0.208092
59328,20021231,-0.254310
59328,20030131,0.008349
59328,20030228,0.100637
59328,20030331,-0.056779
59328,20030430,0.128378
59328,20030530,0.134458
59328,20030630,-0.000480
59328,20030731,0.196060
59328,20030829,0.149458
59328,20030930,-0.037426
59328,20031031,0.197311
59328,20031128,0.018513
59328,20031231,-0.044425
59328,20040130,-0.047738
59328,20040227,-0.041940
59328,20040331,-0.068493
59328,20040430,-0.054044
59328,20040528,0.111154
59328,20040630,-0.033275
59328,20040730,-0.116667
59328,20040831,-0.125102
59328,20040930,-0.057774
59328,20041029,0.109671
59328,20041130,0.007188
59328,20041231,0.045130
59328,20050131,-0.040188
59328,20050228,0.072160
59328,20050331,-0.031680
59328,20050429,0.012484
59328,20050531,0.149660
59328,20050630,-0.034866
59328,20050729,0.043044
59328,20050831,-0.049374
59328,20050930,-0.041602
59328,20051031,-0.046653
59328,20051130,0.138723
59328,20051230,-0.064468
59328,20060131,-0.148438
59328,20060228,-0.026111
59328,20060331,-0.055340
59328,20060428,0.026722
59328,20060531,-0.093093
59328,20060630,0.054384
59328,20060731,-0.052632
59328,20060831,0.092778
59328,20060929,0.051099
59328,20061031,0.037433
59328,20061130,0.007263
59328,20061229,-0.053517
59328,20070131,0.035062
59328,20070228,-0.047113
59328,20070330,-0.036757
59328,20070430,0.123889
59328,20070531,0.036856
59328,20070629,0.070334
59328,20070731,-0.005051
59328,20070831,0.094941
59328,20070928,0.004272
59328,20071031,0.040217
59328,20071130,-0.026301
59328,20071231,0.022239
59328,20080131,-0.208552
59328,20080229,-0.047517
59328,20080331,0.060596
59328,20080430,0.050991
59328,20080530,0.047619
59328,20080630,-0.073339
59328,20080731,0.033054
59328,20080829,0.036954
59328,20080930,-0.181023
59328,20081031,-0.144100
59328,20081128,-0.130435
59328,20081231,0.062319
59328,20090130,-0.120055
59328,20090227,-0.001550
59328,20090331,0.179749
59328,20090430,0.049900
59328,20090529,0.005070
59328,20090630,0.052799
59328,20090731,0.163142
59328,20090831,0.062857
59328,20090930,-0.036909
59328,20091030,-0.023505
59328,20091130,0.012036
59328,20091231,0.062500
59328,20100129,-0.049020
59328,20100226,0.066366
59328,20100331,0.085728
59328,20100430,0.024675
59328,20100528,-0.055276
59328,20100630,-0.091970
59328,20100730,0.059126
59328,20100831,-0.134830
59328,20100930,0.086895
59328,20101029,0.044271
59328,20101130,0.063092
59328,20101231,-0.006026
59328,20110131,0.020447
59328,20110228,0.008910
59328,20110331,-0.060084
59328,20110429,0.147175
59328,20110531,-0.019819
59328,20110630,-0.015549
59328,20110729,0.007671
59328,20110831,-0.089118
59328,20110930,0.059861
59328,20111031,0.150223
59328,20111130,0.023635
59328,20111230,-0.026495
59328,20120131,0.089485
59328,20120229,0.025360
59328,20120330,0.045945
59328,20120430,0.009959
59328,20120531,-0.082585
59328,20120629,0.031347
59328,20120731,-0.035647
59328,20120831,-0.025097
59328,20120928,-0.087596
59328,20121031,-0.045244
59328,20121130,-0.085067
59328,20121231,0.053923
59328,20130131,0.020369
59328,20130228,0.003089
59328,20130328,0.045738
59328,20130430,0.096863
59328,20130531,0.023173
59328,20130628,-0.002059
59328,20130731,-0.036938
59328,20130830,-0.048425
59328,20130930,0.042812
59328,20131031,0.067580
59328,20131129,-0.016551
59328,20131231,0.088716
59328,20140131,-0.054517
59328,20140228,0.018134
59328,20140331,0.042569
59328,20140430,0.033935
59328,20140530,0.032034
59328,20140630,0.131040
59328,20140731,0.096764
59328,20140829,0.037032
59328,20140930,-0.002864
59328,20141031,-0.023263
59328,20141128,0.101882
59328,20141231,-0.025772
59328,20150130,-0.089556
59328,20150227,0.013620
59328,20150331,-0.059549
59328,20150430,0.040934
59328,20150529,0.066052
59328,20150630,-0.117382
59328,20150731,-0.048167
59328,20150831,-0.005872
59328,20150930,0.056062
59328,20151030,0.123424
59328,20151130,0.033963
59328,20151231,-0.009203
59328,20160129,-0.099565
59328,20160229,-0.037718
59328,20160331,0.093275
59328,20160429,-0.063988
59328,20160531,0.051849
59328,20160630,0.038303
59328,20160729,0.062805
59328,20160831,0.037005
59328,20160930,0.051825
59328,20161031,-0.076291
59328,20161130,0.002581
59328,20161230,0.045245
59328,20170131,0.015164
59328,20170228,-0.009777
59328,20170331,-0.003591
59328,20170428,0.002218
59328,20170531,0.006432
59328,20170630,-0.065633
59328,20170731,0.051274
59328,20170831,-0.003595
59328,20170929,0.085828
59328,20171031,0.194590
59328,20171130,-0.008299
59328,20171229,0.029438
59328,20180131,0.042894
59328,20180228,0.030121
59328,20180329,0.056604
59328,20180430,-0.008833
59328,20180531,0.075165
59328,20180629,-0.099457
59328,20180731,-0.032388
59328,20180831,0.013098
59328,20180928,-0.023539
59328,20181031,-0.008670
59328,20181130,0.058234
59328,20181231,-0.048266
73139,19990129,-0.157775
73139,19990226,0.016173
73139,19990331,0.070292
73139,19990430,0.213135
73139,19990528,-0.027579
73139,19990630,0.010504
73139,19990730,0.014553
73139,19990831,-0.055328
73139,19990930,-0.112798
73139,19991029,0.207824
73139,19991130,-0.077935
73139,19991231,0.225115
73139,20000131,-0.091562
73139,20000229,-0.075099
73139,20000331,0.192308
73139,20000428,0.031362
73139,20000531,0.051260
73139,20000630,0.157025
73139,20000731,-0.018571
73139,20000831,0.043668
73139,20000929,-0.041841
73139,20001031,0.097525
73139,20001130,0.131300
73139,20001229,-0.049566
73139,20010131,-0.106543
73139,20010228,0.242257
73139,20010330,-0.069457
73139,20010430,0.134737
73139,20010531,-0.031034
73139,20010629,-0.045257
73139,20010731,0.093528
73139,20010831,-0.085862
73139,20010928,-0.035200
73139,20011031,0.063138
73139,20011130,-0.023649
73139,20011231,0.064833
73139,20020131,0.006339
73139,20020228,0.046987
73139,20020328,-0.019024
73139,20020430,-0.113045
73139,20020531,0.019623
73139,20020628,-0.019245
73139,20020731,-0.054009
73139,20020830,0.113591
73139,20020930,0.021820
73139,20021031,0.095486
73139,20021129,-0.019810
73139,20021231,0.087146
73139,20030131,-0.102503
73139,20030228,0.082337
73139,20030331,0.052914
73139,20030430,-0.023889
73139,20030530,0.004925
73139,20030630,0.030146
73139,20030731,0.103070
73139,20030829,-0.009409
73139,20030930,-0.006464
73139,20031031,0.077015
73139,20031128,-0.001356
73139,20031231,0.051235
73139,20040130,0.043877
73139,20040227,-0.000113
73139,20040331,-0.002254
73139,20040430,0.117474
73139,20040528,0.028000
73139,20040630,0.081613
73139,20040730,-0.133091
73139,20040831,-0.049916
73139,20040930,0.061369
73139,20041029,-0.103785
73139,20041130,0.020887
73139,20041231,0.098886
73139,20050131,0.018446
73139,20050228,0.010582
73139,20050331,-0.101691
73139,20050429,0.088321
73139,20050531,0.002060
73139,20050630,-0.022405
73139,20050729,0.137300
73139,20050831,0.008504
73139,20050930,-0.093859
73139,20051031,-0.169128
73139,20051130,0.054298
73139,20051230,0.028637
73139,20060131,0.123115
73139,20060228,-0.073748
73139,20060331,-0.040675
73139,20060428,-0.013306
73139,20060531,0.003429
73139,20060630,-0.040775
73139,20060731,0.080741
73139,20060831,0.055372
73139,20060929,0.032480
73139,20061031,0.054446
73139,20061130,-0.008223
73139,20061229,0.066911
73139,20070131,0.123934
73139,20070228,0.001292
73139,20070330,0.069332
73139,20070430,-0.020808
73139,20070531,0.036495
73139,20070629,-0.062695
73139,20070731,-0.010461
73139,20070831,0.069998
73139,20070928,0.029341
73139,20071031,0.032577
73139,20071130,0.022958
73139,20071231,0.033320
73139,20080131,-0.103721
73139,20080229,-0.027774
73139,20080331,-0.000921
73139,20080430,-0.003382
73139,20080530,-0.004319
73139,20080630,-0.025871
73139,20080731,0.020833
73139,20080829,0.046736
73139,20080930,-0.072779
73139,20081031,-0.141894
73139,20081128,-0.271979
73139,20081231,0.036742
73139,20090130,0.057322
73139,20090227,-0.202888
73139,20090331,0.010989
73139,20090430,0.137191
73139,20090529,-0.006975
73139,20090630,0.033819
73139,20090731,-0.021641
73139,20090831,0.066358
73139,20090930,0.095755
73139,20091030,0.012547
73139,20091130,0.097826
73139,20091231,0.002381
73139,20100129,0.030772
73139,20100226,0.022727
73139,20100331,0.080414
73139,20100430,0.003845
73139,20100528,-0.076776
73139,20100630,-0.053177
73139,20100730,-0.069716
73139,20100831,-0.072579
73139,20100930,0.162306
73139,20101029,-0.011189
73139,20101130,0.012124
73139,20101231,0.075664
73139,20110131,0.071881
73139,20110228,0.099027
73139,20110331,-0.036042
73139,20110429,-0.029605
73139,20110531,0.057627
73139,20110630,-0.056571
73139,20110729,-0.074118
73139,20110831,-0.101215
73139,20110930,-0.031327
73139,20111031,0.016550
73139,20111130,0.019203
73139,20111230,0.022373
73139,20120131,0.115067
73139,20120229,-0.032293
73139,20120330,0.038264
73139,20120430,-0.016402
73139,20120531,-0.057174
73139,20120629,0.075073
73139,20120731,-0.055717
73139,20120831,0.023640
73139,20120928,0.049052
73139,20121031,-0.054977
73139,20121130,0.029658
73139,20121231,0.017079
73139,20130131,0.142831
73139,20130228,0.019633
73139,20130328,0.025438
73139,20130430,0.005212
73139,20130531,0.012351
73139,20130628,-0.021765
73139,20130731,0.089363
73139,20130830,-0.050667
73139,20130930,0.014427
73139,20131031,0.092765
73139,20131129,0.007582
73139,20131231,0.013773
73139,20140131,0.032739
73139,20140228,0.034021
73139,20140331,0.019130
73139,20140430,-0.045661
73139,20140530,0.086688
73139,20140630,0.001598
73139,20140731,-0.053961
73139,20140829,0.044378
73139,20140930,-0.027068
73139,20141031,0.083963
73139,20141128,0.061465
73139,20141231,0.018997
73139,20150130,-0.034772
73139,20150227,0.040637
73139,20150331,-0.022744
73139,20150430,-0.000108
73139,20150529,0.042173
73139,20150630,-0.002237
73139,20150731,0.070106
73139,20150831,-0.035396
73139,20150930,-0.042625
73139,20151030,0.016153
73139,20151130,0.008785
73139,20151231,-0.032552
73139,20160129,0.066817
73139,20160229,0.007363
73139,20160331,0.077994
73139,20160429,0.016031
73139,20160531,0.019723
73139,20160630,0.081414
73139,20160729,-0.029625
73139,20160831,-0.005332
73139,20160930,0.009770
73139,20161031,-0.009106
73139,20161130,-0.014651
73139,20161230,0.057848
73139,20170131,0.031049
73139,20170228,0.040719
73139,20170331,0.027341
73139,20170428,0.035853
73139,20170531,0.048324
73139,20170630,-0.026266
73139,20170731,0.059951
73139,20170831,-0.038953
73139,20170929,0.007604
73139,20171031,0.090480
73139,20171130,0.007296
73139,20171229,-0.004423
73139,20180131,0.061612
73139,20180228,-0.013505
73139,20180329,-0.004748
73139,20180430,0.052821
73139,20180531,0.027151
73139,20180629,-0.026951
73139,20180731,-0.033223
73139,20180831,0.037856
73139,20180928,0.051467
73139,20181031,-0.087010
73139,20181130,0.081618
73139,20181231,-0.103670
84788,19990129,0.092023
84788,19990226,0.095671
84788,19990331,0.343902
84788,19990430,-0.000726
84788,19990528,-0.309844
84788,19990630,0.053684
84788,19990730,-0.200300
84788,19990831,0.242973
84788,19990930,0.285427
84788,19991029,-0.116497
84788,19991130,0.204425
84788,19991231,-0.105070
84788,20000131,-0.151888
84788,20000229,0.066796
84788,20000331,-0.027223
84788,20000428,-0.176306
84788,20000531,-0.124575
84788,20000630,-0.248383
84788,20000731,-0.170396
84788,20000831,0.377593
84788,20000929,-0.073795
84788,20001031,-0.047154
84788,20001130,-0.325939
84788,20001229,-0.369620
84788,20010131,0.112450
84788,20010228,-0.411552
84788,20010330,0.004172
84788,20010430,0.542522
84788,20010531,0.057668
84788,20010629,-0.152187
84788,20010731,-0.117314
84788,20010831,-0.284227
84788,20010928,-0.332215
84788,20011031,0.169179
84788,20011130,0.621776
84788,20011231,-0.044170
84788,20020131,0.311460
84788,20020228,-0.006342
84788,20020328,0.014184
84788,20020430,0.167133
84788,20020531,0.092271
84788,20020628,-0.108612
84788,20020731,-0.110215
84788,20020830,0.033266
84788,20020930,0.066265
84788,20021031,0.215317
84788,20021129,0.206095
84788,20021231,-0.191006
84788,20030131,0.156697
84788,20030228,0.007323
84788,20030331,0.182644
84788,20030430,0.102190
84788,20030530,0.250958
84788,20030630,0.011981
84788,20030731,0.146476
84788,20030829,0.112392
84788,20030930,0.045553
84788,20031031,0.123890
84788,20031128,-0.008451
84788,20031231,-0.025014
84788,20040130,-0.042189
84788,20040227,-0.146627
84788,20040331,0.006278
84788,20040430,0.007394
84788,20040528,0.112385
84788,20040630,0.121650
84788,20040730,-0.284559
84788,20040831,-0.020041
84788,20040930,0.071316
84788,20041029,-0.164709
84788,20041130,0.162614
84788,20041231,0.116179
84788,20050131,-0.024159
84788,20050228,-0.186025
84788,20050331,-0.025867
84788,20050429,-0.055734
84788,20050531,0.097342
84788,20050630,-0.068150
84788,20050729,0.364461
84788,20050831,-0.054264
84788,20050930,0.060890
84788,20051031,-0.120088
84788,20051130,0.215755
84788,20051230,-0.027033
84788,20060131,-0.049417
84788,20060228,-0.164659
84788,20060331,-0.024306
84788,20060428,-0.036135
84788,20060531,-0.017041
84788,20060630,0.117596
84788,20060731,-0.304809
84788,20060831,0.146523
84788,20060929,0.041842
84788,20061031,0.185866
84788,20061130,0.059071
84788,20061229,-0.021815
84788,20070131,-0.045362
84788,20070228,0.039023
84788,20070330,0.016607
84788,20070430,0.541342
84788,20070531,0.127344
84788,20070629,-0.010558
84788,20070731,0.148078
84788,20070831,0.017443
84788,20070928,0.165686
84788,20071031,-0.042941
84788,20071130,0.015816
84788,20071231,0.022968
84788,20080131,-0.161269
84788,20080229,-0.170270
84788,20080331,0.105941
84788,20080430,0.102805
84788,20080530,0.038026
84788,20080630,-0.101568
84788,20080731,0.041047
84788,20080829,0.058554
84788,20080930,-0.099616
84788,20081031,-0.213304
84788,20081128,-0.254018
84788,20081231,0.200937
84788,20090130,0.147036
84788,20090227,0.101496
84788,20090331,0.133508
84788,20090430,0.096405
84788,20090529,-0.031421
84788,20090630,0.072702
84788,20090731,0.025102
84788,20090831,-0.053288
84788,20090930,0.149895
84788,20091030,0.272601
84788,20091130,0.143927
84788,20091231,-0.010227
84788,20100129,-0.067722
84788,20100226,-0.055897
84788,20100331,0.146706
84788,20100430,0.009796
84788,20100528,-0.084902
84788,20100630,-0.129125
84788,20100730,0.078986
84788,20100831,0.058868
84788,20100930,0.258191
84788,20101029,0.052018
84788,20101130,0.061551
84788,20101231,0.026226
84788,20110131,-0.057556
84788,20110228,0.021516
84788,20110331,0.039471
84788,20110429,0.087048
84788,20110531,0.004494
84788,20110630,0.039656
84788,20110729,0.088171
84788,20110831,-0.032761
84788,20110930,0.004646
84788,20111031,-0.012579
84788,20111130,-0.099386
84788,20111230,-0.099797
84788,20120131,0.123281
84788,20120229,-0.075859
84788,20120330,0.126996
84788,20120430,0.145129
84788,20120531,-0.081889
84788,20120629,0.072519
84788,20120731,0.021677
84788,20120831,0.064166
84788,20120928,0.024369
84788,20121031,-0.084252
84788,20121130,0.082256
84788,20121231,-0.004682
84788,20130131,0.058317
84788,20130228,-0.004633
84788,20130328,0.008401
84788,20130430,-0.047581
84788,20130531,0.060636
84788,20130628,0.031538
84788,20130731,0.084735
84788,20130830,-0.067193
84788,20130930,0.112677
84788,20131031,0.164374
84788,20131129,0.081285
84788,20131231,0.013135
84788,20140131,-0.100554
84788,20140228,0.009507
84788,20140331,-0.071072
84788,20140430,-0.095833
84788,20140530,0.027685
84788,20140630,0.039130
84788,20140731,-0.036302
84788,20140829,0.083230
84788,20140930,-0.048962
84788,20141031,-0.052661
84788,20141128,0.108623
84788,20141231,-0.083540
84788,20150130,0.142355
84788,20150227,0.072293
84788,20150331,-0.021202
84788,20150430,0.133512
84788,20150529,0.017663
84788,20150630,0.011323
84788,20150731,0.235113
84788,20150831,-0.043383
84788,20150930,-0.001950
84788,20151030,0.222724
84788,20151130,0.062150
84788,20151231,0.016682
84788,20160129,-0.131516
84788,20160229,-0.058739
84788,20160331,0.074423
84788,20160429,0.111094
84788,20160531,0.095817
84788,20160630,-0.009920
84788,20160729,0.060353
84788,20160831,0.013640
84788,20160930,0.088603
84788,20161031,-0.056717
84788,20161130,-0.049695
84788,20161230,-0.000933
84788,20170131,0.098164
84788,20170228,0.026182
84788,20170331,0.049110
84788,20170428,0.043371
84788,20170531,0.075276
84788,20170630,-0.026764
84788,20170731,0.020434
84788,20170831,-0.007269
84788,20170929,-0.019631
84788,20171031,0.149717
84788,20171130,0.064662
84788,20171229,-0.006187
84788,20180131,0.240639
84788,20180228,0.042429
84788,20180329,-0.043049
84788,20180430,0.082075
84788,20180531,0.040539
84788,20180629,0.043065
84788,20180731,0.045676
84788,20180831,0.132365
84788,20180928,-0.004824
84788,20181031,-0.202192
84788,20181130,0.057672
84788,20181231,-0.111350
