PERMNO,date,PRC,SHROUT
12060,19990129,104.87500,3276835
12060,19990226,100.31250,3276835
12060,19990331,110.62500,3275234
12060,19990430,105.37500,3275234
12060,19990528,101.68750,3271878
12060,19990630,113.00000,3271878
12060,19990730,109.00000,3271878
12060,19990831,112.31250,3271878
12060,19990930,118.56250,3271878
12060,19991029,135.50000,3277652
12060,19991130,130.12500,3277652
12060,19991231,154.75000,3277652
12060,20000131,133.62500,3277652
12060,20000229,132.37500,3277652
12060,20000331,155.62500,3295312
12060,20000428,157.25000,3295312
12060,20000531,52.68750,9893426
12060,20000630,53.00000,9893426
12060,20000731,51.43750,9893426
12060,20000831,58.68750,9901578
12060,20000929,57.68750,9908802
12060,20001031,54.81250,9908802
12060,20001130,49.56250,9908802
12060,20001229,47.93750,9908802
12060,20010131,45.98000,9908802
12060,20010228,46.50000,9908802
12060,20010330,41.86000,9932929
12060,20010430,48.53000,9933071
12060,20010531,49.00000,9933071
12060,20010629,48.75000,9933071
12060,20010731,43.50000,9934846
12060,20010831,40.98000,9934846
12060,20010928,37.20000,9934846
12060,20011031,36.41000,9934846
12060,20011130,38.50000,9927381
12060,20011231,40.08000,9932753
12060,20020131,37.15000,9932753
12060,20020228,38.50000,9937500
12060,20020328,37.45000,9935630
12060,20020430,31.55000,9935630
12060,20020531,31.14000,9937771
12060,20020628,29.05000,9937771
12060,20020731,32.20000,9937771
12060,20020830,30.15000,9949471
12060,20020930,24.65000,9949471
12060,20021031,25.25000,9949471
12060,20021129,27.12000,9949471
12060,20021231,24.35000,9949471
12060,20030131,23.14000,9949471
12060,20030228,24.05000,9961925
12060,20030331,25.50000,9974910
12060,20030430,29.45000,9993192
12060,20030530,28.70000,9994362
12060,20030630,28.68000,9994362
12060,20030731,28.44000,9994362
12060,20030829,29.57000,10018846
12060,20030930,29.81000,11144681
12060,20031031,29.01000,11144681
12060,20031128,28.67000,11144681
12060,20031231,30.98000,10040860
12060,20040130,33.63000,10007163
12060,20040227,32.52000,10007163
12060,20040331,30.52000,10082220
12060,20040430,29.95000,11144681
12060,20040528,31.12000,11144681
12060,20040630,32.40000,10558247
12060,20040730,33.25000,10558247
12060,20040831,32.79000,10558247
12060,20040930,33.58000,10572133
12060,20041029,34.12000,10572133
12060,20041130,35.36000,10572133
12060,20041231,36.50000,10572133
12060,20050131,36.13000,10572133
12060,20050228,35.20000,10599919
12060,20050331,36.06000,10605920
12060,20050429,36.20000,10605920
12060,20050531,36.48000,10605920
12060,20050630,34.65000,10605920
12060,20050729,34.50000,10605920
12060,20050831,33.61000,10600811
12060,20050930,33.67000,10600811
12060,20051031,33.91000,10566167
12060,20051130,35.72000,10566167
12060,20051230,35.05000,10566167
12060,20060131,32.75000,10566167
12060,20060228,32.87000,10566167
12060,20060331,34.78000,10398398
12060,20060428,34.59000,10398398
12060,20060531,34.26000,10398398
12060,20060630,32.96000,10398398
12060,20060731,32.69000,10323359
12060,20060831,34.06000,10323359
12060,20060929,35.30000,10323359
12060,20061031,35.11000,10323359
12060,20061130,35.28000,10308102
12060,20061229,37.21000,10308102
12060,20070131,36.05000,10308102
12060,20070228,34.91000,10283130
12060,20070330,35.36000,10283130
12060,20070430,36.86000,10288157
12060,20070531,37.58000,10288157
12060,20070629,38.28000,10288157
12060,20070731,38.76000,10246177
12060,20070831,38.87000,10246177
12060,20070928,41.40000,10246177
12060,20071031,41.16000,10246177
12060,20071130,38.29000,10106209
12060,20071231,37.07000,10106209
12060,20080131,35.36000,10106209
12060,20080229,33.14000,9985669
12060,20080331,37.01000,9981861
12060,20080430,32.70000,9967400
12060,20080530,30.72000,9967400
12060,20080630,26.69000,9967400
12060,20080731,28.29000,9948028
12060,20080829,28.10000,9948028
12060,20080930,25.50000,9948028
12060,20081031,19.51000,9955456
12060,20081128,17.17000,9955456
12060,20081231,16.20000,10522186
12060,20090130,12.13000,10522186
12060,20090227,8.51000,10569000
12060,20090331,10.11000,10569000
12060,20090430,12.65000,10569000
12060,20090529,13.48000,10589575
12060,20090630,11.72000,10589575
12060,20090731,13.40000,10589575
12060,20090831,13.90000,10626842
12060,20090930,16.42000,10626842
12060,20091030,14.26000,10626842
12060,20091130,16.02000,10647495
12060,20091231,15.13000,10647495
12060,20100129,16.08000,10647495
12060,20100226,16.06000,10669821
12060,20100331,18.20000,10672872
12060,20100430,18.86000,10672872
12060,20100528,16.35000,10676518
12060,20100630,14.42000,10676518
12060,20100730,16.12000,10676518
12060,20100831,14.48000,10691220
12060,20100930,16.25000,10691220
12060,20101029,16.02000,10691220
12060,20101130,15.83000,10654718
12060,20101231,18.29000,10654718
12060,20110131,20.14000,10654718
12060,20110228,20.92000,10618489
12060,20110331,20.05000,10618489
12060,20110429,20.45000,10618489
12060,20110531,19.64000,10605447
12060,20110630,18.86000,10605447
12060,20110729,17.91000,10600337
12060,20110831,16.31000,10600337
12060,20110930,15.22000,10600337
12060,20111031,16.71000,10600337
12060,20111130,15.91000,10557351
12060,20111230,17.91000,10557351
12060,20120131,18.71000,10557351
12060,20120229,19.05000,10581257
12060,20120330,20.07000,10581257
12060,20120430,19.58000,10581257
12060,20120531,19.09000,10595312
12060,20120629,20.84000,10595312
12060,20120731,20.75000,10558844
12060,20120831,20.71000,10558844
12060,20120928,22.71000,10558844
12060,20121031,21.06000,10558844
12060,20121130,21.13000,10486300
12060,20121231,20.99000,10486300
12060,20130131,22.28000,10486300
12060,20130228,23.22000,10398271
12060,20130328,23.12000,10370925
12060,20130430,22.29000,10370925
12060,20130531,23.32000,10340120
12060,20130628,23.19000,10340120
12060,20130731,24.37000,10183781
12060,20130830,23.14000,10183781
12060,20130930,23.89000,10183781
12060,20131031,26.14000,10183781
12060,20131129,26.66000,10117369
12060,20131231,28.03000,10117369
12060,20140131,25.13000,10117369
12060,20140228,25.47000,10033130
12060,20140331,25.89000,10025001
12060,20140430,26.89000,10025001
12060,20140530,26.79000,10027765
12060,20140630,26.28000,10027765
12060,20140731,25.15000,10033904
12060,20140829,25.98000,10033904
12060,20140930,25.62000,10033904
12060,20141031,25.81000,10033904
12060,20141128,26.49000,10042192
12060,20141231,25.27000,10042192
12060,20150130,23.89000,10042192
12060,20150227,25.99000,10064909
12060,20150331,24.81000,10067496
12060,20150430,27.08000,10067496
12060,20150529,27.27000,10075929
12060,20150630,26.57000,10075929
12060,20150731,26.10000,10096429
12060,20150831,24.82000,10096429
12060,20150930,25.22000,10096429
12060,20151030,28.92000,10096429
12060,20151130,29.94000,10109239
12060,20151231,31.15000,10109239
12060,20160129,29.10000,10109239
12060,20160229,29.14000,9330607
12060,20160331,31.79000,9285131
12060,20160429,30.75000,9285131
12060,20160531,30.23000,9195657
12060,20160630,31.48000,9195657
12060,20160729,31.14000,9195657
12060,20160831,31.24000,8961233
12060,20160930,29.62000,8961233
12060,20161031,29.10000,8961233
12060,20161130,30.76000,8846390
12060,20161230,31.60000,8846390
12060,20170131,29.70000,8846390
12060,20170228,29.81000,8724783
12060,20170331,29.80000,8708714
12060,20170428,28.99000,8708714
12060,20170531,27.38000,8683963
12060,20170630,27.01000,8683963
12060,20170731,25.61000,8657946
12060,20170831,24.55000,8657946
12060,20170929,24.18000,8657946
12060,20171031,20.16000,8672085
12060,20171130,18.29000,8672085
12060,20171229,17.45000,8672085
12060,20180131,16.17000,8672085
12060,20180228,14.11000,8682576
12060,20180329,13.48000,8683512
12060,20180430,14.07000,8683512
12060,20180531,14.08000,8685338
12060,20180629,13.61000,8685338
12060,20180731,13.63000,8691081
12060,20180831,12.94000,8691081
12060,20180928,11.29000,8691081
12060,20181031,10.10000,8698115
12060,20181130,7.50000,8698115
12060,20181231,7.57000,8698115
12490,19990129,183.25000,922852
12490,19990226,169.75000,915907
12490,19990331,177.25000,915907
12490,19990430,209.18750,920651
12490,19990528,116.00000,1814836
12490,19990630,129.25000,1814836
12490,19990730,125.68750,1814836
12490,19990831,124.56250,1809090
12490,19990930,121.00000,1809090
12490,19991029,98.25000,1809090
12490,19991130,103.06250,1802604
12490,19991231,107.87500,1802604
12490,20000131,112.25000,1802604
12490,20000229,102.75000,1802604
12490,20000331,118.00000,1793761
12490,20000428,111.50000,1793761
12490,20000531,107.37500,1772837
12490,20000630,109.56250,1772837
12490,20000731,112.43750,1772837
12490,20000831,132.00000,1760705
12490,20000929,112.50000,1760705
12490,20001031,98.50000,1760705
12490,20001130,93.50000,1760705
12490,20001229,85.00000,1754380
12490,20010131,112.00000,1754380
12490,20010228,99.90000,1754380
12490,20010330,96.18000,1760804
12490,20010430,115.14000,1760804
12490,20010531,111.80000,1737418
12490,20010629,113.00000,1737418
12490,20010731,105.21000,1737418
12490,20010831,99.95000,1736660
12490,20010928,91.72000,1736660
12490,20011031,108.07000,1736660
12490,20011130,115.59000,1722642
12490,20011231,120.96000,1722642
12490,20020131,107.89000,1722642
12490,20020228,98.12000,1722642
12490,20020328,104.00000,1723200
12490,20020430,83.76000,1723200
12490,20020531,80.45000,1711889
12490,20020628,72.00000,1711889
12490,20020731,70.40000,1711889
12490,20020830,75.38000,1694323
12490,20020930,58.31000,1694323
12490,20021031,78.94000,1694323
12490,20021129,86.92000,1690088
12490,20021231,77.50000,1690088
12490,20030131,78.20000,1690088
12490,20030228,77.95000,1690088
12490,20030331,78.43000,1722600
12490,20030430,84.90000,1722600
12490,20030530,88.04000,1728000
12490,20030630,82.50000,1728000
12490,20030731,81.25000,1730000
12490,20030829,82.01000,1730181
12490,20030930,88.33000,1730181
12490,20031031,89.48000,1730181
12490,20031128,90.54000,1720423
12490,20031231,92.68000,1720423
12490,20040130,99.23000,1720423
12490,20040227,96.50000,1720423
12490,20040331,91.84000,1699416
12490,20040430,88.17000,1699416
12490,20040528,88.59000,1685371
12490,20040630,88.15000,1685371
12490,20040730,87.07000,1675192
12490,20040831,84.69000,1675192
12490,20040930,85.74000,1675192
12490,20041029,89.75000,1664697
12490,20041130,94.24000,1664697
12490,20041231,98.58000,1664697
12490,20050131,93.42000,1664697
12490,20050228,92.58000,1632629
12490,20050331,91.38000,1632629
12490,20050429,76.38000,1613321
12490,20050531,75.55000,1613321
12490,20050630,74.20000,1613321
12490,20050729,83.46000,1595791
12490,20050831,80.62000,1595791
12490,20050930,80.22000,1595791
12490,20051031,81.88000,1579517
12490,20051130,88.90000,1579517
12490,20051230,82.20000,1579517
12490,20060131,81.30000,1570000
12490,20060228,80.24000,1570000
12490,20060331,82.47000,1567313
12490,20060428,82.34000,1550395
12490,20060531,79.90000,1550395
12490,20060630,76.82000,1550395
12490,20060731,77.41000,1521839
12490,20060831,80.97000,1521839
12490,20060929,81.94000,1521839
12490,20061031,92.33000,1506352
12490,20061130,91.92000,1506352
12490,20061229,97.15000,1506352
12490,20070131,99.15000,1506352
12490,20070228,92.94000,1505529
12490,20070330,94.26000,1505529
12490,20070430,102.21000,1484827
12490,20070531,106.60000,1484827
12490,20070629,105.25000,1484827
12490,20070731,110.65000,1360407
12490,20070831,116.69000,1360407
12490,20070928,117.80000,1360407
12490,20071031,116.12000,1377955
12490,20071130,105.18000,1377955
12490,20071231,108.10000,1377955
12490,20080131,107.11000,1377955
12490,20080229,113.86000,1385200
12490,20080331,115.14000,1384331
12490,20080430,120.70000,1373479
12490,20080530,129.42999,1373479
12490,20080630,118.53000,1373479
12490,20080731,127.98000,1354840
12490,20080829,121.73000,1354840
12490,20080930,116.96000,1354840
12490,20081031,92.97000,1343458
12490,20081128,81.60000,1343458
12490,20081231,84.16000,1343458
12490,20090130,91.65000,1340000
12490,20090227,92.03000,1341678
12490,20090331,96.89000,1341678
12490,20090430,103.21000,1321397
12490,20090529,106.28000,1321397
12490,20090630,104.42000,1320000
12490,20090731,117.93000,1310884
12490,20090831,118.05000,1310884
12490,20090930,119.61000,1310884
12490,20091030,120.61000,1313603
12490,20091130,126.35000,1313603
12490,20091231,130.89999,1313603
12490,20100129,122.39000,1313603
12490,20100226,127.16000,1299003
12490,20100331,128.25000,1299003
12490,20100430,129.00000,1282348
12490,20100528,125.26000,1282348
12490,20100630,123.48000,1282348
12490,20100730,128.39999,1261278
12490,20100831,123.13000,1261278
12490,20100930,134.14000,1242361
12490,20101029,143.60001,1242361
12490,20101130,141.46001,1242361
12490,20101231,146.75999,1242361
12490,20110131,162.00000,1242361
12490,20110228,161.88000,1219536
12490,20110331,163.07001,1219536
12490,20110429,170.58000,1211200
12490,20110531,168.92999,1211200
12490,20110630,171.55000,1211200
12490,20110729,181.85001,1194278
12490,20110831,171.91000,1194278
12490,20110930,174.87000,1194278
12490,20111031,184.63000,1178618
12490,20111130,188.00000,1178618
12490,20111230,183.88000,1178618
12490,20120131,192.60001,1160000
12490,20120229,196.73000,1158662
12490,20120330,208.64999,1158662
12490,20120430,207.08000,1153484
12490,20120531,192.89999,1153484
12490,20120629,195.58000,1153484
12490,20120731,195.98000,1142775
12490,20120831,194.85001,1142775
12490,20120928,207.45000,1142775
12490,20121031,194.53000,1129932
12490,20121130,190.07001,1129932
12490,20121231,191.55000,1129932
12490,20130131,203.07001,1129932
12490,20130228,200.83000,1114510
12490,20130328,213.30000,1114510
12490,20130430,202.53999,1108794
12490,20130531,208.02000,1108794
12490,20130628,191.11000,1108794
12490,20130731,195.03999,1095426
12490,20130830,182.27000,1095426
12490,20130930,185.17999,1095426
12490,20131031,179.21001,1085854
12490,20131129,179.67999,1085854
12490,20131231,187.57001,1085854
12490,20140131,176.67999,1085854
12490,20140228,185.17000,1041341
12490,20140331,192.49001,1041341
12490,20140430,196.47000,1012183
12490,20140530,184.36000,1012183
12490,20140630,181.27000,1012183
12490,20140731,191.67000,997592
12490,20140829,192.30000,997592
12490,20140930,189.83000,997592
12490,20141031,164.39999,989660
12490,20141128,162.17000,989660
12490,20141231,160.44000,989660
12490,20150130,153.31000,991000
12490,20150227,161.94000,988424
12490,20150331,160.50000,988424
12490,20150430,171.28999,984734
12490,20150529,169.64999,984734
12490,20150630,162.66000,984734
12490,20150731,161.99001,979530
12490,20150831,147.89000,979530
12490,20150930,144.97000,979530
12490,20151030,140.08000,970110
12490,20151130,139.42000,970110
12490,20151231,137.62000,970110
12490,20160129,124.79000,970110
12490,20160229,131.03000,960881
12490,20160331,151.45000,960881
12490,20160429,145.94000,959962
12490,20160531,153.74001,959962
12490,20160630,151.78000,959962
12490,20160729,160.62000,955844
12490,20160831,158.88000,955844
12490,20160930,158.85001,955844
12490,20161031,153.69000,950855
12490,20161130,162.22000,950855
12490,20161230,165.99001,950855
12490,20170131,174.52000,950855
12490,20170228,179.82001,943213
12490,20170331,174.14000,943213
12490,20170428,160.28999,939497
12490,20170531,152.63000,939497
12490,20170630,153.83000,939497
12490,20170731,144.67000,931940
12490,20170831,143.03000,931940
12490,20170929,145.08000,931940
12490,20171031,154.06000,925791
12490,20171130,153.97000,925791
12490,20171229,153.42000,925791
12490,20180131,163.70000,925791
12490,20180228,155.83000,921168
12490,20180329,153.42999,921168
12490,20180430,144.96001,917968
12490,20180531,141.31000,917968
12490,20180629,139.70000,917968
12490,20180731,144.92999,912768
12490,20180831,146.48000,912768
12490,20180928,151.21001,912768
12490,20181031,115.43000,908794
12490,20181130,124.27000,908794
12490,20181231,113.67000,908794
14008,19990129,127.81250,254512
14008,19990226,124.87500,254512
14008,19990331,74.87500,509024
14008,19990430,61.43750,509024
14008,19990528,63.25000,509024
14008,19990630,60.87500,509024
14008,19990730,76.87500,509024
14008,19990831,83.18750,509024
14008,19990930,81.50000,509024
14008,19991029,79.75000,509024
14008,19991130,45.56250,1018048
14008,19991231,60.06250,1018048
14008,20000131,63.68750,1018048
14008,20000229,68.18750,1018048
14008,20000331,61.37500,1026769
14008,20000428,56.00000,1026769
14008,20000531,63.62500,1026769
14008,20000630,70.25000,1028267
14008,20000731,64.93750,1028267
14008,20000831,75.81250,1028267
14008,20000929,69.82813,1032982
14008,20001031,57.93750,1032982
14008,20001130,63.62500,1032982
14008,20001229,63.93750,1037400
14008,20010131,70.31250,1037400
14008,20010228,72.06250,1041538
14008,20010330,60.18750,1043163
14008,20010430,61.14000,1043163
14008,20010531,66.38000,1043163
14008,20010629,60.68000,1047141
14008,20010731,62.71000,1047141
14008,20010831,64.30000,1047141
14008,20010928,58.77000,1045511
14008,20011031,56.82000,1045511
14008,20011130,66.43000,1045511
14008,20011231,56.44000,1045800
14008,20020131,55.50000,1045800
14008,20020228,57.98000,1047800
14008,20020328,59.68000,1038989
14008,20020430,52.88000,1038989
14008,20020531,47.63000,1038989
14008,20020628,41.88000,1031000
14008,20020731,45.64000,1278174
14008,20020830,45.03000,1278174
14008,20020930,41.70000,1282300
14008,20021031,46.56000,1287066
14008,20021129,47.20000,1287066
14008,20021231,48.34000,1289100
14008,20030131,50.96000,1289100
14008,20030228,54.64000,1292333
14008,20030331,57.55000,1288200
14008,20030430,61.30000,1289517
14008,20030530,64.74000,1289517
14008,20030630,65.94000,1288700
14008,20030731,69.43000,1290781
14008,20030829,65.94000,1290781
14008,20030930,64.52000,1289600
14008,20031031,61.76000,1289949
14008,20031128,57.62000,1289949
14008,20031231,61.79000,1283700
14008,20040130,64.66000,1283700
14008,20040227,63.52900,1280068
14008,20040331,58.15000,1277600
14008,20040430,56.41000,1271652
14008,20040528,54.70000,1271652
14008,20040630,54.57000,1265400
14008,20040730,56.88000,1266017
14008,20040831,59.29000,1266017
14008,20040930,56.81000,1270000
14008,20041029,56.80000,1270136
14008,20041130,60.04000,1270136
14008,20041231,64.15000,1260000
14008,20050131,62.24000,1260000
14008,20050228,61.61000,1252717
14008,20050331,58.21000,1237000
14008,20050429,58.21000,1237481
14008,20050531,62.58000,1237481
14008,20050630,60.46000,1231000
14008,20050729,79.77000,1233807
14008,20050831,79.90000,1233807
14008,20050930,79.67000,1234000
14008,20051031,75.62000,1234320
14008,20051130,80.93000,1234320
14008,20051230,78.86000,1224000
14008,20060131,72.89000,1226485
14008,20060228,75.48000,1184634
14008,20060331,72.75000,1179161
14008,20060428,67.70000,1179216
14008,20060531,67.59000,1179216
14008,20060630,65.23000,1170000
14008,20060731,69.71000,1170571
14008,20060831,68.03000,1170571
14008,20060929,71.53000,1166000
14008,20061031,75.91000,1166518
14008,20061130,71.04000,1166518
14008,20061229,68.31000,1166000
14008,20070131,70.37000,1167459
14008,20070228,64.26000,1167044
14008,20070330,55.88000,1159000
14008,20070430,64.14000,1159645
14008,20070531,56.45000,1159645
14008,20070629,55.29000,1089000
14008,20070731,53.74000,1089000
14008,20070831,50.11000,1086742
14008,20070928,56.57000,1087000
14008,20071031,58.11000,1087000
14008,20071130,55.25000,1087642
14008,20071231,46.44000,1087000
14008,20080131,46.59000,1087000
14008,20080229,45.52000,1087628
14008,20080331,41.78000,1088000
14008,20080430,41.87000,1088000
14008,20080530,44.03000,1088696
14008,20080630,47.16000,1057000
14008,20080731,62.63000,1057000
14008,20080829,62.85000,1058036
14008,20080930,59.27000,1059000
14008,20081031,59.89000,1059521
14008,20081128,55.54000,1059521
14008,20081231,57.75000,1047000
14008,20090130,54.85000,1047000
14008,20090227,48.93000,1033964
14008,20090331,49.52000,1011000
14008,20090430,48.47000,1011000
14008,20090529,49.94000,1012372
14008,20090630,52.94000,1015000
14008,20090731,62.31000,1015000
14008,20090831,59.78000,1015477
14008,20090930,60.23000,1016000
14008,20091030,53.62000,1016000
14008,20091130,56.35000,1012138
14008,20091231,56.57000,995000
14008,20100129,58.48000,995000
14008,20100226,56.61000,979302
14008,20100331,59.83750,966000
14008,20100430,57.31000,966000
14008,20100528,51.78000,957938
14008,20100630,52.60000,958000
14008,20100730,54.53000,958474
14008,20100831,51.04000,958474
14008,20100930,55.11000,952000
14008,20101029,57.19000,944815
14008,20101130,52.69000,944815
14008,20101231,54.90000,932000
14008,20110131,55.08000,932000
14008,20110228,51.33000,932453
14008,20110331,53.45000,933000
14008,20110429,56.85000,929731
14008,20110531,60.54000,929731
14008,20110630,58.35000,924000
14008,20110729,54.70000,924091
14008,20110831,55.40500,924091
14008,20110930,54.96000,876544
14008,20111031,57.27000,876544
14008,20111130,57.91000,876544
14008,20111230,64.21000,795600
14008,20120131,67.93000,795600
14008,20120229,68.01000,791432
14008,20120330,67.97000,781100
14008,20120430,71.11000,777708
14008,20120531,69.52000,777708
14008,20120629,72.91000,769200
14008,20120731,82.60000,770769
14008,20120831,83.92000,770769
14008,20120928,84.29000,768100
14008,20121031,86.49000,767355
14008,20121130,88.80000,767355
14008,20121231,86.20000,756300
14008,20130131,85.46000,756300
14008,20130228,91.55000,748430
14008,20130328,102.51000,749600
14008,20130430,104.21000,749977
14008,20130531,100.53000,749977
14008,20130628,98.66000,752900
14008,20130731,108.29000,753356
14008,20130830,108.94000,753356
14008,20130930,111.92500,754100
14008,20131031,116.14000,754126
14008,20131129,114.08000,754126
14008,20131231,114.08000,754600
14008,20140131,118.95000,754600
14008,20140228,124.02000,755007
14008,20140331,123.34000,756900
14008,20140430,111.75000,757022
14008,20140530,115.99000,757022
14008,20140630,118.37000,759400
14008,20140731,127.39000,759607
14008,20140829,139.38000,759607
14008,20140930,140.46001,760600
14008,20141031,162.17999,760670
14008,20141128,165.31000,760670
14008,20141231,159.28999,760400
14008,20150130,152.25999,760400
14008,20150227,157.72000,758861
14008,20150331,159.85001,760400
14008,20150430,157.91000,760324
14008,20150529,156.25999,760324
14008,20150630,153.52000,759100
14008,20150731,176.59000,758250
14008,20150831,151.78000,758250
14008,20150930,138.32001,754900
14008,20151030,158.17999,754328
14008,20151130,161.10001,754328
14008,20151231,162.33000,754000
14008,20160129,152.73000,754000
14008,20160229,142.28000,752091
14008,20160331,149.92999,751300
14008,20160429,158.30000,751217
14008,20160531,157.95000,751217
14008,20160630,152.14999,748900
14008,20160729,172.03000,748361
14008,20160831,170.06000,748361
14008,20160930,166.81000,744800
14008,20161031,141.16000,743922
14008,20161130,144.07001,743922
14008,20161230,146.21001,738200
14008,20170131,156.67999,738200
14008,20170228,176.53000,736453
14008,20170331,164.07001,736100
14008,20170428,163.32001,735399
14008,20170531,155.24001,735399
14008,20170630,172.23000,730700
14008,20170731,174.50999,729675
14008,20170831,177.77000,729675
14008,20170929,186.45000,726600
14008,20171031,175.22000,725911
14008,20171130,175.66000,725911
14008,20171229,173.89999,722200
14008,20180131,186.05000,722200
14008,20180228,183.77000,720562
14008,20180329,170.48000,666400
14008,20180430,174.48000,661706
14008,20180531,179.62000,661706
14008,20180629,184.59000,649000
14008,20180731,196.55000,647272
14008,20180831,199.81000,647272
14008,20180928,207.28999,640500
14008,20181031,192.78999,637219
14008,20181130,208.25000,637219
14008,20181231,194.67000,629600
18411,19990129,26.93750,697240
18411,19990226,25.06250,697240
18411,19990331,23.31250,697240
18411,19990430,27.06250,698630
18411,19990528,28.37500,697090
18411,19990630,26.50000,697090
18411,19990730,26.37500,697090
18411,19990831,27.06250,683159
18411,19990930,25.75000,683159
18411,19991029,26.56250,683159
18411,19991130,23.37500,673093
18411,19991231,23.50000,673093
18411,20000131,25.68750,673093
18411,20000229,22.18750,673093
18411,20000331,21.75000,649564
18411,20000428,24.93750,649564
18411,20000531,25.93750,648624
18411,20000630,23.31250,648624
18411,20000731,24.43750,648624
18411,20000831,29.93750,648627
18411,20000929,32.43750,648627
18411,20001031,29.37500,648627
18411,20001130,31.56250,648627
18411,20001229,33.25000,648627
18411,20010131,29.18000,648627
18411,20010228,30.95000,648627
18411,20010330,35.09000,648627
18411,20010430,23.39000,684082
18411,20010531,23.54000,684082
18411,20010629,23.25000,684082
18411,20010731,23.50000,684082
18411,20010831,23.17000,684082
18411,20010928,23.98000,684082
18411,20011031,23.90000,684082
18411,20011130,22.75000,684082
18411,20011231,25.35000,684082
18411,20020131,24.65000,695132
18411,20020228,25.40000,695132
18411,20020328,26.49000,700085
18411,20020430,28.35000,703237
18411,20020531,27.00000,703237
18411,20020628,27.40000,703237
18411,20020731,28.78000,703237
18411,20020830,28.96000,703237
18411,20020930,28.78000,703237
18411,20021031,29.70000,703237
18411,20021129,26.16000,703237
18411,20021231,28.39000,703237
18411,20030131,28.17000,703237
18411,20030228,28.21000,703237
18411,20030331,28.44000,703237
18411,20030430,29.09000,721109
18411,20030530,31.48000,721737
18411,20030630,31.16000,721737
18411,20030731,28.44000,721737
18411,20030829,28.38000,728512
18411,20030930,29.35000,728512
18411,20031031,29.80000,728512
18411,20031128,29.27000,732200
18411,20031231,30.25000,732200
18411,20040130,29.80000,732200
18411,20040227,30.32000,732200
18411,20040331,30.50000,735504
18411,20040430,28.76000,737638
18411,20040528,28.92000,737638
18411,20040630,29.15000,737638
18411,20040730,29.28000,737638
18411,20040831,30.35000,738180
18411,20040930,29.98000,738180
18411,20041029,31.59000,738180
18411,20041130,32.79000,738180
18411,20041231,33.52000,738180
18411,20050131,33.77000,738180
18411,20050228,32.12000,738180
18411,20050331,31.83000,742831
18411,20050429,32.95000,744548
18411,20050531,33.95000,744319
18411,20050630,34.67000,744319
18411,20050729,34.99000,744319
18411,20050831,34.40000,746812
18411,20050930,35.76000,746812
18411,20051031,34.99000,746812
18411,20051130,34.71000,741495
18411,20051230,34.53000,741495
18411,20060131,34.80000,742000
18411,20060228,34.03000,741738
18411,20060331,32.77000,741738
18411,20060428,32.23000,742745
18411,20060531,31.97000,742048
18411,20060630,32.05000,742048
18411,20060731,33.78000,742048
18411,20060831,34.27000,742286
18411,20060929,34.46000,742286
18411,20061031,36.40000,742286
18411,20061130,36.25000,742740
18411,20061229,36.86000,742740
18411,20070131,36.53000,742740
18411,20070228,35.80000,748594
18411,20070330,36.65000,748594
18411,20070430,37.79000,751605
18411,20070531,36.01000,751809
18411,20070629,34.29000,751809
18411,20070731,33.64000,751809
18411,20070831,35.49000,756428
18411,20070928,36.28000,756428
18411,20071031,36.66000,756428
18411,20071130,37.62000,759479
18411,20071231,38.75000,759479
18411,20080131,36.36500,759479
18411,20080229,34.53000,764712
18411,20080331,35.61000,764712
18411,20080430,37.23000,767624
18411,20080530,36.20000,767212
18411,20080630,34.92000,767212
18411,20080731,35.39000,771000
18411,20080829,37.51000,770187
18411,20080930,37.69000,770187
18411,20081031,34.34000,770187
18411,20081128,36.32000,774580
18411,20081231,37.00000,774580
18411,20090130,33.45000,774580
18411,20090227,30.31000,777622
18411,20090331,30.62000,777622
18411,20090430,28.88000,782865
18411,20090529,28.41000,782434
18411,20090630,31.16000,782434
18411,20090731,31.40000,782434
18411,20090831,31.20000,796052
18411,20090930,31.67000,796052
18411,20091030,31.19000,801000
18411,20091130,32.09000,800211
18411,20091231,33.32000,800211
18411,20100129,32.00000,820000
18411,20100226,31.77000,820373
18411,20100331,33.16000,820373
18411,20100430,34.56000,825021
18411,20100528,32.70000,824536
18411,20100630,33.28000,824536
18411,20100730,35.33000,831000
18411,20100831,36.69000,830706
18411,20100930,37.24000,830706
18411,20101029,37.87000,830706
18411,20101130,37.72000,830706
18411,20101231,38.23000,830706
18411,20110131,37.62000,830706
18411,20110228,38.11000,830706
18411,20110331,38.11000,830706
18411,20110429,39.04000,849587
18411,20110531,40.08000,849123
18411,20110630,40.38000,849123
18411,20110729,39.54000,849123
18411,20110831,41.36000,857653
18411,20110930,42.37000,857653
18411,20111031,43.20000,857653
18411,20111130,43.91000,861928
18411,20111230,46.29000,861928
18411,20120131,45.56000,861928
18411,20120229,44.19000,861928
18411,20120330,44.93000,861928
18411,20120430,45.94000,869216
18411,20120531,45.91000,868690
18411,20120629,46.30000,868690
18411,20120731,48.15000,868690
18411,20120831,45.33000,874797
18411,20120928,46.09000,874797
18411,20121031,46.84000,874797
18411,20121130,43.55000,874106
18411,20121231,42.81000,874106
18411,20130131,44.23000,868000
18411,20130228,45.01000,868970
18411,20130328,46.92000,868970
18411,20130430,48.23000,870000
18411,20130531,43.90000,870391
18411,20130628,44.13000,870391
18411,20130731,44.84000,870391
18411,20130830,41.62000,873903
18411,20130930,41.18000,873903
18411,20131031,40.91000,882000
18411,20131129,40.63000,881741
18411,20131231,41.11000,881741
18411,20140131,41.24000,888000
18411,20140228,42.35000,887941
18411,20140331,43.94000,887941
18411,20140430,45.83000,891481
18411,20140530,43.78000,890811
18411,20140630,45.38000,890811
18411,20140731,43.29000,896000
18411,20140829,44.40000,895697
18411,20140930,43.65000,895697
18411,20141031,46.36000,895697
18411,20141128,47.43000,899813
18411,20141231,49.11000,899813
18411,20150130,50.72000,899813
18411,20150227,45.79000,899813
18411,20150331,44.28000,909878
18411,20150430,44.30000,908000
18411,20150529,43.69000,908261
18411,20150630,41.90000,908261
18411,20150731,44.73000,908261
18411,20150831,43.41000,908261
18411,20150930,44.70000,908261
18411,20151030,45.10000,910000
18411,20151130,44.54000,908939
18411,20151231,46.79000,908939
18411,20160129,48.92000,908939
18411,20160229,48.18000,912847
18411,20160331,51.73000,912847
18411,20160429,50.10000,918000
18411,20160531,49.44000,938552
18411,20160630,53.63000,938552
18411,20160729,53.50000,942000
18411,20160831,51.33000,978706
18411,20160930,51.30000,978706
18411,20161031,51.57000,978706
18411,20161130,46.82000,980798
18411,20161230,49.19000,980798
18411,20170131,49.43000,980798
18411,20170228,50.82000,991051
18411,20170331,49.78000,991880
18411,20170428,49.80000,995225
18411,20170531,50.61000,994599
18411,20170630,47.88000,994599
18411,20170731,47.93000,999474
18411,20170831,48.26000,999474
18411,20170929,49.14000,999474
18411,20171031,52.20000,999474
18411,20171130,51.20000,1003628
18411,20171229,48.09000,1003628
18411,20180131,45.11000,1003628
18411,20180228,43.06000,1008159
18411,20180329,44.66000,1008159
18411,20180430,46.12000,1012548
18411,20180531,44.90000,1011625
18411,20180629,46.31000,1011625
18411,20180731,48.60000,1011625
18411,20180831,43.78000,1014136
18411,20180928,43.60000,1014136
18411,20181031,45.03000,1014136
18411,20181130,47.33000,1028889
18411,20181231,43.92000,1028889
19561,19990129,34.68750,999134
19561,19990226,35.62500,999134
19561,19990331,34.00000,937962
19561,19990430,40.62500,937962
19561,19990528,42.06250,974071
19561,19990630,44.00000,974071
19561,19990730,45.37500,974071
19561,19990831,45.31250,960438
19561,19990930,42.62500,960438
19561,19991029,46.06250,960438
19561,19991130,40.62500,934540
19561,19991231,41.43750,934540
19561,20000131,44.50000,934540
19561,20000229,36.93750,934540
19561,20000331,37.81250,868718
19561,20000428,39.68750,867580
19561,20000531,39.06250,907148
19561,20000630,41.81250,907148
19561,20000731,49.00000,907148
19561,20000831,53.62500,897266
19561,20000929,63.00000,897266
19561,20001031,67.81250,897266
19561,20001130,69.06250,888449
19561,20001229,66.00000,888449
19561,20010131,58.50000,888449
19561,20010228,62.20000,888449
19561,20010330,55.71000,874064
19561,20010430,61.80000,874064
19561,20010531,62.89000,872379
19561,20010629,55.60000,872379
19561,20010731,58.53000,872379
19561,20010831,51.20000,806094
19561,20010928,33.50000,806094
19561,20011031,32.60000,806094
19561,20011130,35.10000,806094
19561,20011231,38.78000,797972
19561,20020131,40.95000,797972
19561,20020228,45.96000,797972
19561,20020328,48.25000,798294
19561,20020430,44.60000,798294
19561,20020531,42.65000,799017
19561,20020628,45.00000,799017
19561,20020731,41.52000,799017
19561,20020830,37.07000,799277
19561,20020930,34.13000,799277
19561,20021031,29.75000,799277
19561,20021129,34.05000,799341
19561,20021231,32.99000,799341
19561,20030131,31.59000,799341
19561,20030228,27.56000,799978
19561,20030331,25.06000,800040
19561,20030430,27.28000,800040
19561,20030530,30.67000,800139
19561,20030630,34.32000,800139
19561,20030731,33.12000,800139
19561,20030829,37.39000,800163
19561,20030930,34.33000,800163
19561,20031031,38.49000,800216
19561,20031128,38.39000,800216
19561,20031231,42.14000,800216
19561,20040130,41.75000,800216
19561,20040227,43.37000,800216
19561,20040331,41.07000,842990
19561,20040430,42.69000,843131
19561,20040528,45.80000,843131
19561,20040630,51.09000,843131
19561,20040730,50.75000,839434
19561,20040831,52.22000,839434
19561,20040930,51.62000,797434
19561,20041029,49.90000,839597
19561,20041130,53.57000,839597
19561,20041231,51.77000,839597
19561,20050131,50.60000,839597
19561,20050228,54.97000,832425
19561,20050331,58.46000,832425
19561,20050429,59.52000,826326
19561,20050531,63.90000,826326
19561,20050630,66.00000,826326
19561,20050729,66.01000,820601
19561,20050831,67.02000,820601
19561,20050930,67.95000,820601
19561,20051031,64.64000,807265
19561,20051130,68.19000,807265
19561,20051230,70.24000,807265
19561,20060131,68.31000,807265
19561,20060228,72.69000,800387
19561,20060331,77.93000,800958
19561,20060428,83.45000,799579
19561,20060531,83.25000,799579
19561,20060630,81.91000,799579
19561,20060731,77.42000,794909
19561,20060831,74.90000,794909
19561,20060929,78.85000,794909
19561,20061031,79.86000,790739
19561,20061130,88.53000,790739
19561,20061229,88.84000,790739
19561,20070131,89.56000,790739
19561,20070228,87.26000,789265
19561,20070330,88.91000,789112
19561,20070430,93.00000,787401
19561,20070531,100.59000,787401
19561,20070629,96.16000,787401
19561,20070731,103.43000,783712
19561,20070831,96.70000,783712
19561,20070928,104.99000,783712
19561,20071031,98.59000,775063
19561,20071130,92.54000,775063
19561,20071231,87.46000,775063
19561,20080131,83.18000,775063
19561,20080229,82.79000,764833
19561,20080331,74.37000,764833
19561,20080430,84.86000,751453
19561,20080530,82.77000,751453
19561,20080630,65.72000,751453
19561,20080731,61.11000,710245
19561,20080829,65.56000,710245
19561,20080930,57.35000,710245
19561,20081031,52.42000,704834
19561,20081128,42.63000,704834
19561,20081231,42.67000,704834
19561,20090130,42.31000,704834
19561,20090227,31.44000,698128
19561,20090331,35.58000,699793
19561,20090430,40.05000,697198
19561,20090529,44.85000,726198
19561,20090630,42.50000,726198
19561,20090731,42.91000,726432
19561,20090831,49.67000,726432
19561,20090930,54.15000,726432
19561,20091030,47.80000,726599
19561,20091130,52.41000,726599
19561,20091231,54.13000,726599
19561,20100129,60.60000,726599
19561,20100226,63.16000,756976
19561,20100331,72.61000,756976
19561,20100430,72.43000,759037
19561,20100528,64.18000,759037
19561,20100630,62.75000,759037
19561,20100730,68.14000,731681
19561,20100831,61.13000,731681
19561,20100930,66.54000,731681
19561,20101029,70.64000,733580
19561,20101130,63.77000,733580
19561,20101231,65.26000,733580
19561,20110131,69.48000,733580
19561,20110228,72.01000,736296
19561,20110331,73.93000,737072
19561,20110429,79.78000,738275
19561,20110531,78.03000,738275
19561,20110630,73.93000,738275
19561,20110729,70.47000,741092
19561,20110831,66.86000,741092
19561,20110930,60.51000,741092
19561,20111031,65.79000,743234
19561,20111130,68.69000,743234
19561,20111230,73.35000,743234
19561,20120131,74.18000,743234
19561,20120229,74.95000,745721
19561,20120330,74.37000,747834
19561,20120430,76.80000,749049
19561,20120531,69.61000,749049
19561,20120629,74.30000,749049
19561,20120731,73.91000,751798
19561,20120831,71.40000,751798
19561,20120928,69.59500,751798
19561,20121031,70.44000,754077
19561,20121130,74.28000,754077
19561,20121231,75.36000,754077
19561,20130131,73.87000,754077
19561,20130228,76.90000,756166
19561,20130328,85.85000,757310
19561,20130430,91.41000,758681
19561,20130531,99.02000,758681
19561,20130628,102.44000,758681
19561,20130731,105.10000,754444
19561,20130830,103.92000,754444
19561,20130930,117.50000,754444
19561,20131031,130.50000,751453
19561,20131129,134.25000,751453
19561,20131231,136.49001,751453
19561,20140131,125.26000,751453
19561,20140228,128.92000,743405
19561,20140331,125.49000,737077
19561,20140430,129.02000,729225
19561,20140530,135.25000,729225
19561,20140630,127.23000,729225
19561,20140731,120.48000,720613
19561,20140829,126.80000,720613
19561,20140930,127.38000,720613
19561,20141031,124.91000,712930
19561,20141128,134.36000,712930
19561,20141231,129.98000,712930
19561,20150130,145.37000,712930
19561,20150227,150.85001,704388
19561,20150331,150.08000,699842
19561,20150430,143.34000,691517
19561,20150529,140.52000,691517
19561,20150630,138.72000,691517
19561,20150731,144.17000,679495
19561,20150831,130.67999,679495
19561,20150930,130.95000,679495
19561,20151030,148.07001,669984
19561,20151130,145.45000,669984
19561,20151231,144.59000,669984
19561,20160129,120.13000,669984
19561,20160229,118.18000,662504
19561,20160331,126.94000,651056
19561,20160429,134.80000,637011
19561,20160531,126.15000,637011
19561,20160630,129.87000,637011
19561,20160729,133.66000,623826
19561,20160831,129.45000,623826
19561,20160930,131.74001,623826
19561,20161031,142.42999,617166
19561,20161130,150.56000,617166
19561,20161230,155.67999,617166
19561,20170131,163.42000,617166
19561,20170228,180.23000,612479
19561,20170331,176.86000,608085
19561,20170428,184.83000,603581
19561,20170531,187.63000,603581
19561,20170630,197.75000,603581
19561,20170731,242.46001,591083
19561,20170831,239.66000,591083
19561,20170929,254.21001,591083
19561,20171031,257.98001,595579
19561,20171130,276.79999,595579
19561,20171229,294.91000,595579
19561,20180131,354.37000,595579
19561,20180228,362.20999,588490
19561,20180329,327.88000,587224
19561,20180430,333.56000,582581
19561,20180531,352.16000,582581
19561,20180629,335.51001,582581
19561,20180731,356.29999,574508
19561,20180831,342.79001,574508
19561,20180928,371.89999,574508
19561,20181031,354.85999,567885
19561,20181130,346.76001,567885
19561,20181231,322.50000,567885
22111,19990129,85.12500,1344669
22111,19990226,85.37500,1344669
22111,19990331,93.50000,1345590
22111,19990430,97.50000,1345590
22111,19990528,92.62500,1345201
22111,19990630,98.00000,1345201
22111,19990730,91.06250,1345201
22111,19990831,102.25000,1344445
22111,19990930,91.87500,1344445
22111,19991029,104.75000,1389804
22111,19991130,103.75000,1389804
22111,19991231,93.25000,1390556
22111,20000131,86.06250,1390556
22111,20000229,72.00000,1391649
22111,20000331,70.25000,1389936
22111,20000428,82.50000,1389936
22111,20000531,89.50000,1390893
22111,20000630,101.87500,1390893
22111,20000731,93.06250,1390893
22111,20000831,91.93750,1390332
22111,20000929,93.93750,1390332
22111,20001031,92.12500,1390332
22111,20001130,100.00000,1390332
22111,20001229,105.06250,1390332
22111,20010131,93.13000,1390332
22111,20010228,97.33000,1390332
22111,20010330,87.47000,1397233
22111,20010430,96.48000,1398043
22111,20010531,96.95000,1396971
22111,20010629,50.00000,3028113
22111,20010731,54.10000,3028113
22111,20010831,52.71000,3042485
22111,20010928,55.40000,3042485
22111,20011031,57.91000,3042485
22111,20011130,58.25000,3067438
22111,20011231,59.10000,3067438
22111,20020131,57.51000,3067438
22111,20020228,60.90000,3067438
22111,20020328,64.95000,3047147
22111,20020430,63.86000,3047147
22111,20020531,61.35000,3011205
22111,20020628,52.26000,3011205
22111,20020731,53.00000,3011205
22111,20020830,54.31000,2975340
22111,20020930,54.08000,2975340
22111,20021031,58.75000,2975340
22111,20021129,57.02000,2970581
22111,20021231,53.71000,2970581
22111,20030131,53.61000,2970581
22111,20030228,52.45000,2970581
22111,20030331,57.87000,2969972
22111,20030430,56.36000,2969972
22111,20030530,54.35000,2968821
22111,20030630,51.70000,2968821
22111,20030731,51.79000,2968821
22111,20030829,49.58000,2968018
22111,20030930,49.52000,2968018
22111,20031031,50.33000,2968018
22111,20031128,49.30000,2968143
22111,20031231,51.66000,2968143
22111,20040130,53.42000,2968143
22111,20040227,53.91000,2968143
22111,20040331,50.72000,2967840
22111,20040430,54.03000,2967840
22111,20040528,55.71000,2968603
22111,20040630,55.70000,2968603
22111,20040730,55.27000,2968603
22111,20040831,58.10000,2968107
22111,20040930,56.33000,2968107
22111,20041029,58.38000,2968107
22111,20041130,60.32000,2967726
22111,20041231,63.42000,2967726
22111,20050131,64.70000,2967726
22111,20050228,65.60000,2967726
22111,20050331,67.16000,2973666
22111,20050429,68.63000,2973666
22111,20050531,67.10000,2973545
22111,20050630,65.00000,2973545
22111,20050729,63.96000,2973545
22111,20050831,63.39000,2974694
22111,20050930,63.28000,2974694
22111,20051031,62.62000,2974694
22111,20051130,61.75000,3119843
22111,20051230,60.10000,3119843
22111,20060131,57.54000,3119843
22111,20060228,57.65000,3119843
22111,20060331,59.22000,2976069
22111,20060428,58.61000,2976069
22111,20060531,60.22000,2961026
22111,20060630,59.92000,2961026
22111,20060731,62.55000,2961026
22111,20060831,64.66000,2925022
22111,20060929,64.94000,2925022
22111,20061031,67.40000,2925022
22111,20061130,65.91000,2899355
22111,20061229,66.02000,2899355
22111,20070131,66.80000,2899355
22111,20070228,62.93000,2894083
22111,20070330,60.26000,2894965
22111,20070430,64.22000,2894965
22111,20070531,63.27000,2896558
22111,20070629,61.62000,2896558
22111,20070731,60.50000,2896558
22111,20070831,61.79000,2894509
22111,20070928,65.70000,2894509
22111,20071031,65.17000,2894509
22111,20071130,67.74000,2861750
22111,20071231,66.70000,2861750
22111,20080131,63.14000,2861750
22111,20080229,61.96000,2832602
22111,20080331,64.87000,2829779
22111,20080430,67.09000,2829779
22111,20080530,66.74000,2818192
22111,20080630,64.34000,2818192
22111,20080731,68.47000,2818192
22111,20080829,70.43000,2794496
22111,20080930,69.28000,2794496
22111,20081031,61.34000,2794496
22111,20081128,58.58000,2774568
22111,20081231,59.83000,2774568
22111,20090130,57.69000,2774568
22111,20090227,50.00000,2765804
22111,20090331,52.60000,2767644
22111,20090430,52.36000,2767644
22111,20090529,55.16000,2755566
22111,20090630,56.80000,2755566
22111,20090731,60.89000,2755566
22111,20090831,60.44000,2755814
22111,20090930,60.89000,2755814
22111,20091030,59.05000,2755814
22111,20091130,62.84000,2759100
22111,20091231,64.41000,2759100
22111,20100129,62.86000,2759100
22111,20100226,63.00000,2759100
22111,20100331,65.20000,2756261
22111,20100430,64.30000,2756261
22111,20100528,58.30000,2758070
22111,20100630,59.06000,2758070
22111,20100730,58.09000,2758070
22111,20100831,57.02000,2754445
22111,20100930,61.96000,2754445
22111,20101029,63.74000,2754445
22111,20101130,61.55000,2746254
22111,20101231,61.85000,2746254
22111,20110131,59.77000,2746254
22111,20110228,61.44000,2735214
22111,20110331,59.25000,2740286
22111,20110429,65.72000,2740286
22111,20110531,67.29000,2741143
22111,20110630,66.52000,2741143
22111,20110729,64.79000,2741143
22111,20110831,65.80000,2740354
22111,20110930,63.69000,2740354
22111,20111031,64.39000,2740354
22111,20111130,64.72000,2730849
22111,20111230,65.58000,2730849
22111,20120131,65.91000,2730849
22111,20120229,65.08000,2745079
22111,20120330,65.96000,2745330
22111,20120430,65.10000,2745330
22111,20120531,62.43000,2746372
22111,20120629,67.56000,2746372
22111,20120731,69.22000,2950072
22111,20120831,67.43000,2757041
22111,20120928,68.91000,2757041
22111,20121031,70.82000,2757041
22111,20121130,69.73000,2771262
22111,20121231,70.10000,2771262
22111,20130131,73.92000,2771262
22111,20130228,76.11000,2795319
22111,20130328,81.53000,2797036
22111,20130430,85.23000,2797036
22111,20130531,84.18000,2808887
22111,20130628,85.86000,2808887
22111,20130731,93.50000,2808887
22111,20130830,86.41000,2818074
22111,20130930,86.69000,2818074
22111,20131031,92.61000,2818074
22111,20131129,94.66000,2821438
22111,20131231,91.59000,2821438
22111,20140131,88.47000,2821438
22111,20140228,92.12000,2828902
22111,20140331,98.23000,2828324
22111,20140430,101.29000,2828324
22111,20140530,101.46000,2829100
22111,20140630,104.62000,2829100
22111,20140731,100.09000,2822600
22111,20140829,103.73000,2820287
22111,20140930,106.59000,2820287
22111,20141031,107.78000,2799110
22111,20141128,108.25000,2799110
22111,20141231,104.57000,2799110
22111,20150130,100.14000,2799110
22111,20150227,102.51000,2780489
22111,20150331,100.60000,2780560
22111,20150430,99.20000,2780560
22111,20150529,100.14000,2773045
22111,20150630,97.46000,2773045
22111,20150731,100.21000,2769106
22111,20150831,93.98000,2769106
22111,20150930,93.35000,2769106
22111,20151030,101.03000,2766944
22111,20151130,101.24000,2766944
22111,20151231,102.72000,2766944
22111,20160129,104.44000,2766944
22111,20160229,105.21000,2759359
22111,20160331,108.20000,2758344
22111,20160429,112.08000,2758344
22111,20160531,112.69000,2750644
22111,20160630,121.30000,2750644
22111,20160729,125.23000,2750644
22111,20160831,119.34000,2735877
22111,20160930,118.13000,2735877
22111,20161031,115.99000,2735877
22111,20161130,111.30000,2720532
22111,20161230,115.21000,2720532
22111,20170131,113.25000,2720532
22111,20170228,122.21000,2713347
22111,20170331,124.55000,2710892
22111,20170428,123.47000,2710892
22111,20170531,128.25000,2693833
22111,20170630,132.28999,2693833
22111,20170731,132.72000,2684000
22111,20170831,132.37000,2684000
22111,20170929,130.00999,2684000
22111,20171031,139.41000,2684000
22111,20171130,139.33000,2686520
22111,20171229,139.72000,2686520
22111,20180131,138.19000,2686520
22111,20180228,129.88000,2682902
22111,20180329,128.14999,2682640
22111,20180430,126.49000,2682640
22111,20180531,119.62000,2682150
22111,20180629,121.34000,2682150
22111,20180731,132.52000,2682150
22111,20180831,134.69000,2682756
22111,20180928,138.17000,2682756
22111,20181031,139.99001,2681978
22111,20181130,146.89999,2681978
22111,20181231,129.05000,2681978
56573,19990129,60.31250,250064
56573,19990226,68.75000,250064
56573,19990331,61.87500,250064
56573,19990430,77.00000,250307
56573,19990528,76.75000,250467
56573,19990630,81.75000,250467
56573,19990730,74.31250,250467
56573,19990831,77.93750,250603
56573,19990930,74.56250,250603
56573,19991029,73.43750,250603
56573,19991130,64.75000,300112
56573,19991231,67.56250,300112
56573,20000131,58.50000,300112
56573,20000229,51.68750,300112
56573,20000331,55.25000,300112
56573,20000428,64.06250,300679
56573,20000531,58.06250,301537
56573,20000630,57.00000,301695
56573,20000731,57.25000,301695
56573,20000831,56.06250,301835
56573,20000929,55.87500,301835
56573,20001031,55.56250,301835
56573,20001130,56.31250,301835
56573,20001229,59.56250,301835
56573,20010131,65.50000,301835
56573,20010228,60.55000,301835
56573,20010330,56.84000,303653
56573,20010430,63.38000,303653
56573,20010531,68.46000,303956
56573,20010629,63.30000,303956
56573,20010731,63.00000,303956
56573,20010831,62.51000,304515
56573,20010928,54.11000,304515
56573,20011031,57.20000,304515
56573,20011130,61.35000,304678
56573,20011231,67.72000,304678
56573,20020131,71.38000,304678
56573,20020228,73.56000,304678
56573,20020328,72.35000,305895
56573,20020430,72.10000,305895
56573,20020531,71.03000,306147
56573,20020628,68.30000,306147
56573,20020731,65.99000,306147
56573,20020830,68.52000,306393
56573,20020930,58.33000,306393
56573,20021031,61.40000,306393
56573,20021129,67.99000,306434
56573,20021231,64.86000,306434
56573,20030131,60.82000,306434
56573,20030228,59.57000,306434
56573,20030331,58.15000,307427
56573,20030430,63.98000,307427
56573,20030530,62.05000,307561
56573,20030630,65.85000,307561
56573,20030731,69.65000,307561
56573,20030829,72.29000,307862
56573,20030930,66.26000,307862
56573,20031031,73.55000,308122
56573,20031128,78.10000,308122
56573,20031231,83.91000,308122
56573,20040130,78.10000,308122
56573,20040227,79.52000,308122
56573,20040331,79.23000,309477
56573,20040430,86.21000,309477
56573,20040528,89.88000,309752
56573,20040630,95.89000,309752
56573,20040730,90.52000,309752
56573,20040831,91.29000,302261
56573,20040930,93.17000,302261
56573,20041029,92.28000,302261
56573,20041130,94.23000,295690
56573,20041231,92.68000,295690
56573,20050131,86.98000,295690
56573,20050228,89.75000,295690
56573,20050331,89.53000,291978
56573,20050429,83.82000,291978
56573,20050531,84.43000,290398
56573,20050630,79.68000,290398
56573,20050729,85.65000,290398
56573,20050831,84.28000,285973
56573,20050930,82.33000,285973
56573,20051031,84.76000,280503
56573,20051130,88.27000,280503
56573,20051230,87.99000,280503
56573,20060131,84.29000,280503
56573,20060228,85.84000,280919
56573,20060331,96.31000,282969
56573,20060428,102.70000,282969
56573,20060531,49.65000,567338
56573,20060630,47.50000,567338
56573,20060731,45.73000,567338
56573,20060831,43.90000,567887
56573,20060929,44.90000,567887
56573,20061031,47.93000,566878
56573,20061130,47.20000,566878
56573,20061229,46.19000,566878
56573,20070131,50.99000,566878
56573,20070228,51.64000,558823
56573,20070330,51.60000,559624
56573,20070430,51.31000,559624
56573,20070531,52.72000,556719
56573,20070629,54.19000,556719
56573,20070731,55.05000,556719
56573,20070831,58.17000,552035
56573,20070928,59.64000,552035
56573,20071031,57.26000,543955
56573,20071130,55.50000,543955
56573,20071231,53.54000,543955
56573,20080131,50.42000,543955
56573,20080229,49.07000,526913
56573,20080331,48.23000,524837
56573,20080430,52.29000,524837
56573,20080530,53.70000,522782
56573,20080630,47.51000,522782
56573,20080731,46.85000,519400
56573,20080829,49.61000,519368
56573,20080930,44.45000,519368
56573,20081031,33.39000,511200
56573,20081128,34.12000,511163
56573,20081231,35.05000,511163
56573,20090130,32.66000,499100
56573,20090227,27.80000,499100
56573,20090331,30.85000,499199
56573,20090430,32.80000,499300
56573,20090529,32.29000,499318
56573,20090630,37.34000,499318
56573,20090731,40.55000,499700
56573,20090831,41.82000,500145
56573,20090930,42.71000,500145
56573,20091030,45.92000,500145
56573,20091130,48.64000,500910
56573,20091231,47.99000,500910
56573,20100129,43.59000,500910
56573,20100226,45.52000,502408
56573,20100331,47.36000,502448
56573,20100430,51.10000,502448
56573,20100528,46.43000,502485
56573,20100630,41.28000,502485
56573,20100730,43.50000,503505
56573,20100831,41.26000,503511
56573,20100930,47.02000,503511
56573,20101029,45.68000,495931
56573,20101130,47.63000,495931
56573,20101231,53.40000,495931
56573,20110131,53.49000,495931
56573,20110228,54.10000,498419
56573,20110331,53.72000,498665
56573,20110429,58.41000,498665
56573,20110531,57.32000,500049
56573,20110630,56.49000,500049
56573,20110729,49.80000,500049
56573,20110831,46.54000,491415
56573,20110930,41.60000,491415
56573,20111031,48.63000,483193
56573,20111130,45.44000,483193
56573,20111230,46.71000,483193
56573,20120131,53.03000,483193
56573,20120229,55.69000,483774
56573,20120330,57.12000,481524
56573,20120430,57.38000,481524
56573,20120531,56.15000,477356
56573,20120629,52.89000,477356
56573,20120731,54.34000,477356
56573,20120831,59.29000,468818
56573,20120928,59.47000,468818
56573,20121031,61.33000,463449
56573,20121130,61.57000,463449
56573,20121231,60.81000,463449
56573,20130131,62.83000,463449
56573,20130228,61.50000,451436
56573,20130328,60.94000,451467
56573,20130430,64.56000,451467
56573,20130531,70.13000,450433
56573,20130628,69.17000,450433
56573,20130731,72.04000,450433
56573,20130830,71.47000,447880
56573,20130930,76.27000,447880
56573,20131031,78.79000,447880
56573,20131129,79.58000,443838
56573,20131231,84.08000,443838
56573,20140131,78.87000,443838
56573,20140228,82.50000,424868
56573,20140331,81.33000,424868
56573,20140430,85.23000,424868
56573,20140530,86.55000,412586
56573,20140630,87.56000,412586
56573,20140731,82.37000,412586
56573,20140829,88.21000,396513
56573,20140930,84.42000,396513
56573,20141031,91.05000,390934
56573,20141128,94.93000,390934
56573,20141231,94.70000,390934
56573,20150130,93.09000,390934
56573,20150227,98.86000,379447
56573,20150331,97.14000,373323
56573,20150430,93.58000,373323
56573,20150529,93.83000,367691
56573,20150630,91.79000,367691
56573,20150731,89.47000,366089
56573,20150831,84.53000,366089
56573,20150930,82.31000,366089
56573,20151030,91.94000,363492
56573,20151130,93.98000,363492
56573,20151231,92.68000,363492
56573,20160129,90.07000,363492
56573,20160229,94.25000,363767
56573,20160331,102.44000,360856
56573,20160429,104.52000,360856
56573,20160531,106.03000,359370
56573,20160630,104.16000,359370
56573,20160729,115.40000,359370
56573,20160831,118.85000,354960
56573,20160930,119.84000,354960
56573,20161031,113.57000,351005
56573,20161130,125.18000,351005
56573,20161230,122.46000,351005
56573,20170131,127.20000,351005
56573,20170228,132.00999,346551
56573,20170331,132.47000,345668
56573,20170428,138.09000,345668
56573,20170531,141.22000,345451
56573,20170630,143.25000,345451
56573,20170731,140.71001,344149
56573,20170831,137.50999,344149
56573,20170929,147.96001,344149
56573,20171031,156.52000,342599
56573,20171130,169.25000,342599
56573,20171229,166.85001,342599
56573,20180131,173.67000,342599
56573,20180228,161.44000,341546
56573,20180329,156.66000,339216
56573,20180430,142.02000,339216
56573,20180531,143.70000,338763
56573,20180629,138.53999,338763
56573,20180731,143.33000,338763
56573,20180831,138.88000,335353
56573,20180928,141.12000,335353
56573,20181031,127.57000,335353
56573,20181130,139.05000,331801
56573,20181231,126.69000,331801
59328,19990129,140.93750,1667000
59328,19990226,119.93750,1667000
59328,19990331,118.87500,1667000
59328,19990430,61.18750,3334000
59328,19990528,54.06250,3334000
59328,19990630,59.50000,3334000
59328,19990730,69.00000,3334000
59328,19990831,82.18750,3334000
59328,19990930,74.31250,3341000
59328,19991029,77.43750,3341000
59328,19991130,76.68750,3341000
59328,19991231,82.31250,3341000
59328,20000131,98.93750,3341000
59328,20000229,113.00000,3341000
59328,20000331,131.93750,3349000
59328,20000428,126.81250,3349000
59328,20000531,124.68750,3349000
59328,20000630,133.68750,3349000
59328,20000731,66.75000,6698000
59328,20000831,74.87500,6698000
59328,20000929,41.56250,6730000
59328,20001031,45.00000,6730000
59328,20001130,38.06250,6730000
59328,20001229,30.06250,6721000
59328,20010131,37.00000,6721000
59328,20010228,28.56250,6718000
59328,20010330,26.31250,6725000
59328,20010430,30.91000,6725000
59328,20010531,27.01000,6725000
59328,20010629,29.25000,6728000
59328,20010731,29.81000,6728000
59328,20010831,27.96000,6728000
59328,20010928,20.44000,6712000
59328,20011031,24.42000,6712000
59328,20011130,32.66000,6712000
59328,20011231,31.45000,6698000
59328,20020131,35.04000,6698000
59328,20020228,28.55000,6703000
59328,20020328,30.41000,6684000
59328,20020430,28.61000,6684000
59328,20020531,27.62000,6684000
59328,20020628,18.27000,6665000
59328,20020731,18.79000,6665000
59328,20020830,16.67000,6665000
59328,20020930,13.89000,6625000
59328,20021031,17.30000,6625000
59328,20021129,20.88000,6625000
59328,20021231,15.57000,6625000
59328,20030131,15.70000,6625000
59328,20030228,17.26000,6544000
59328,20030331,16.28000,6534000
59328,20030430,18.37000,6534000
59328,20030530,20.82000,6534000
59328,20030630,20.81000,6510000
59328,20030731,24.89000,6510000
59328,20030829,28.59000,6510000
59328,20030930,27.52000,6532000
59328,20031031,32.95000,6532000
59328,20031128,33.54000,6532000
59328,20031231,32.05000,6487000
59328,20040130,30.52000,6484000
59328,20040227,29.20000,6477007
59328,20040331,27.20000,6468000
59328,20040430,25.73000,6468000
59328,20040528,28.55000,6468000
59328,20040630,27.60000,6415000
59328,20040730,24.38000,6415000
59328,20040831,21.29000,6415000
59328,20040930,20.06000,6323000
59328,20041029,22.26000,6323000
59328,20041130,22.38000,6323000
59328,20041231,23.39000,6253000
59328,20050131,22.45000,6227000
59328,20050228,23.99000,6180500
59328,20050331,23.23000,6180500
59328,20050429,23.52000,6173000
59328,20050531,26.96000,6173000
59328,20050630,26.02000,6173000
59328,20050729,27.14000,6093000
59328,20050831,25.72000,6093000
59328,20050930,24.65000,6028000
59328,20051031,23.50000,6029000
59328,20051130,26.68000,6029000
59328,20051230,24.96000,5919000
59328,20060131,21.25500,5883000
59328,20060228,20.60000,5816461
59328,20060331,19.46000,5808000
59328,20060428,19.98000,5817000
59328,20060531,18.02000,5817000
59328,20060630,19.00000,5767000
59328,20060731,18.00000,5768000
59328,20060831,19.57000,5768000
59328,20060929,20.57000,5758000
59328,20061031,21.34000,5766000
59328,20061130,21.39500,5766000
59328,20061229,20.25000,5766000
59328,20070131,20.96000,5766000
59328,20070228,19.86000,5781681
59328,20070330,19.13000,5781000
59328,20070430,21.50000,5810000
59328,20070531,22.17990,5810000
59328,20070629,23.73990,5823000
59328,20070731,23.62000,5840000
59328,20070831,25.75000,5840000
59328,20070928,25.86000,5837000
59328,20071031,26.90000,5847000
59328,20071130,26.08000,5847000
59328,20071231,26.66000,5818000
59328,20080131,21.10000,5818000
59328,20080229,19.96990,5788000
59328,20080331,21.18000,5722000
59328,20080430,22.26000,5728000
59328,20080530,23.18000,5728000
59328,20080630,21.48000,5640000
59328,20080731,22.19000,5622000
59328,20080829,22.87000,5622000
59328,20080930,18.73000,5562000
59328,20081031,16.03100,5562000
59328,20081128,13.80000,5562000
59328,20081231,14.66000,5562000
59328,20090130,12.90000,5562000
59328,20090227,12.74000,5562000
59328,20090331,15.03000,5585000
59328,20090430,15.78000,5585000
59328,20090529,15.72000,5585000
59328,20090630,16.55000,5597000
59328,20090731,19.25000,5598000
59328,20090831,20.32000,5598000
59328,20090930,19.57000,5520000
59328,20091030,19.11000,5522000
59328,20091130,19.20000,5522000
59328,20091231,20.40000,5523000
59328,20100129,19.40000,5523000
59328,20100226,20.53000,5524000
59328,20100331,22.29000,5564000
59328,20100430,22.84000,5564000
59328,20100528,21.42000,5564000
59328,20100630,19.45000,5567000
59328,20100730,20.60000,5568000
59328,20100831,17.66500,5568000
59328,20100930,19.20000,5576000
59328,20101029,20.05000,5578000
59328,20101130,21.15750,5578000
59328,20101231,21.03000,5511000
59328,20110131,21.46000,5511000
59328,20110228,21.47000,5488000
59328,20110331,20.18000,5385158
59328,20110429,23.15000,5302000
59328,20110531,22.51000,5302000
59328,20110630,22.16000,5302000
59328,20110729,22.33000,5251000
59328,20110831,20.13000,5251000
59328,20110930,21.33500,5118000
59328,20111031,24.54000,5092000
59328,20111130,24.91000,5092000
59328,20111230,24.25000,5000000
59328,20120131,26.42000,5000000
59328,20120229,26.88000,4996000
59328,20120330,28.11500,5006000
59328,20120430,28.39500,5031000
59328,20120531,25.84000,5031000
59328,20120629,26.65000,5013000
59328,20120731,25.70000,5003000
59328,20120831,24.83000,5003000
59328,20120928,22.65500,4982000
59328,20121031,21.63000,4976000
59328,20121130,19.56500,4976000
59328,20121231,20.62000,4944000
59328,20130131,21.04000,4944000
59328,20130228,20.88000,4946000
59328,20130328,21.83500,4948000
59328,20130430,23.95000,4971000
59328,20130531,24.28000,4971000
59328,20130628,24.23000,4981000
59328,20130731,23.33500,4982000
59328,20130830,21.98000,4982000
59328,20130930,22.92100,4973000
59328,20131031,24.47000,4971000
59328,20131129,23.84000,4971000
59328,20131231,25.95500,4967000
59328,20140131,24.54000,4967000
59328,20140228,24.76000,4972000
59328,20140331,25.81400,4972000
59328,20140430,26.69000,4978000
59328,20140530,27.32000,4978000
59328,20140630,30.90000,4948000
59328,20140731,33.89000,4951000
59328,20140829,34.92000,4951000
59328,20140930,34.82000,4857000
59328,20141031,34.01000,4835000
59328,20141128,37.25000,4835000
59328,20141231,36.29000,4748000
59328,20150130,33.04000,4748000
59328,20150227,33.25000,4736000
59328,20150331,31.27000,4742000
59328,20150430,32.55000,4744000
59328,20150529,34.46000,4744000
59328,20150630,30.41500,4753000
59328,20150731,28.95000,4754000
59328,20150831,28.54000,4754000
59328,20150930,30.14000,4730000
59328,20151030,33.86000,4719000
59328,20151130,34.77000,4719000
59328,20151231,34.45000,4725000
59328,20160129,31.02000,4725000
59328,20160229,29.59000,4724000
59328,20160331,32.35000,4717401
59328,20160429,30.28000,4722000
59328,20160531,31.59000,4722000
59328,20160630,32.80000,4722000
59328,20160729,34.86000,4731000
59328,20160831,35.89000,4731000
59328,20160930,37.75000,4739000
59328,20161031,34.87000,4739000
59328,20161130,34.70000,4739000
59328,20161230,36.27000,4730000
59328,20170131,36.82000,4730000
59328,20170228,36.20000,4728000
59328,20170331,36.07000,4709000
59328,20170428,36.15000,4709000
59328,20170531,36.11000,4709000
59328,20170630,33.74000,4699000
59328,20170731,35.47000,4699000
59328,20170831,35.07000,4699000
59328,20170929,38.08000,4680000
59328,20171031,45.49000,4680000
59328,20171130,44.84000,4680000
59328,20171229,46.16000,4687000
59328,20180131,48.14000,4687000
59328,20180228,49.29000,4668000
59328,20180329,52.08000,4660000
59328,20180430,51.62000,4660000
59328,20180531,55.20000,4660000
59328,20180629,49.71000,4611000
59328,20180731,48.10000,4611000
59328,20180831,48.43000,4611000
59328,20180928,47.29000,4564000
59328,20181031,46.88000,4564000
59328,20181130,49.31000,4564000
59328,20181231,46.93000,4564000
73139,19990129,46.37500,96433
73139,19990226,47.12500,96433
73139,19990331,50.43750,96433
73139,19990430,61.18750,96775
73139,19990528,59.50000,96846
73139,19990630,60.12500,96846
73139,19990730,61.00000,96925
73139,19990831,57.62500,96925
73139,19990930,51.12500,96925
73139,19991029,61.75000,96925
73139,19991130,56.93750,96980
73139,19991231,69.62500,96980
73139,20000131,63.25000,96980
73139,20000229,58.50000,96980
73139,20000331,69.75000,97227
73139,20000428,71.93750,97227
73139,20000531,37.81250,194858
73139,20000630,43.75000,194858
73139,20000731,42.93750,194858
73139,20000831,44.81250,195177
73139,20000929,42.93750,195177
73139,20001031,47.12500,195177
73139,20001130,53.31250,195177
73139,20001229,50.59000,195177
73139,20010131,45.20000,195177
73139,20010228,56.15000,195177
73139,20010330,52.25000,195941
73139,20010430,59.29000,195941
73139,20010531,57.45000,196123
73139,20010629,54.85000,196123
73139,20010731,59.98000,196123
73139,20010831,54.83000,196292
73139,20010928,52.90000,196292
73139,20011031,56.24000,196292
73139,20011130,54.91000,196610
73139,20011231,58.37000,196610
73139,20020131,58.74000,196610
73139,20020228,61.50000,196610
73139,20020328,60.33000,197155
73139,20020430,53.51000,197155
73139,20020531,54.56000,197342
73139,20020628,53.51000,197342
73139,20020731,50.62000,197342
73139,20020830,56.37000,197677
73139,20020930,57.60000,197677
73139,20021031,63.10000,197677
73139,20021129,61.85000,197958
73139,20021231,67.12000,197958
73139,20030131,60.24000,197958
73139,20030228,65.20000,197958
73139,20030331,68.65000,198324
73139,20030430,67.01000,198324
73139,20030530,67.34000,198532
73139,20030630,69.37000,198532
73139,20030731,76.52000,198532
73139,20030829,75.80000,199145
73139,20030930,75.31000,199145
73139,20031031,81.11000,199145
73139,20031128,81.00000,199486
73139,20031231,85.01000,199486
73139,20040130,88.74000,199486
73139,20040227,88.73000,199486
73139,20040331,88.53000,199890
73139,20040430,98.93000,199890
73139,20040528,50.85000,400186
73139,20040630,55.00000,400186
73139,20040730,47.68000,401252
73139,20040831,45.30000,401252
73139,20040930,48.08000,401252
73139,20041029,43.09000,402023
73139,20041130,43.99000,402023
73139,20041231,48.25000,402023
73139,20050131,49.14000,402023
73139,20050228,49.66000,402023
73139,20050331,44.61000,402903
73139,20050429,48.55000,402903
73139,20050531,48.65000,403128
73139,20050630,47.56000,403128
73139,20050729,54.09000,403128
73139,20050831,54.55000,403507
73139,20050930,49.43000,403507
73139,20051031,41.07000,403507
73139,20051130,43.30000,404987
73139,20051230,44.43000,404987
73139,20060131,49.90000,404987
73139,20060228,46.22000,404987
73139,20060331,44.34000,405842
73139,20060428,43.75000,405842
73139,20060531,43.90000,406138
73139,20060630,42.11000,406138
73139,20060731,45.51000,406138
73139,20060831,48.03000,406559
73139,20060929,49.59000,406559
73139,20061031,52.29000,406559
73139,20061130,51.86000,407167
73139,20061229,55.11000,407167
73139,20070131,61.94000,407167
73139,20070228,62.02000,407167
73139,20070330,66.32000,408827
73139,20070430,64.94000,409079
73139,20070531,67.31000,409079
73139,20070629,63.09000,409079
73139,20070731,62.43000,409079
73139,20070831,66.80000,409927
73139,20070928,68.76000,409927
73139,20071031,71.00000,409927
73139,20071130,72.63000,410484
73139,20071231,74.72000,410484
73139,20080131,66.97000,410484
73139,20080229,65.11000,411184
73139,20080331,65.05000,411563
73139,20080430,64.83000,411563
73139,20080530,64.55000,411794
73139,20080630,62.88000,411794
73139,20080731,64.19000,411794
73139,20080829,67.19000,412312
73139,20080930,62.30000,412312
73139,20081031,53.46000,403700
73139,20081128,38.92000,403735
73139,20081231,39.95000,403735
73139,20090130,42.24000,403735
73139,20090227,33.67000,396532
73139,20090331,34.04000,396680
73139,20090430,38.71000,396680
73139,20090529,38.44000,397150
73139,20090630,39.74000,397150
73139,20090731,38.88000,397150
73139,20090831,41.46000,397547
73139,20090930,45.43000,397547
73139,20091030,46.00000,397547
73139,20091130,50.40000,397739
73139,20091231,50.37000,397700
73139,20100129,51.92000,397882
73139,20100226,53.10000,398051
73139,20100331,57.22000,396370
73139,20100430,57.44000,396699
73139,20100528,53.03000,396699
73139,20100630,50.06000,396699
73139,20100730,46.57000,396699
73139,20100831,43.19000,396940
73139,20100930,50.05000,396940
73139,20101029,49.49000,396940
73139,20101130,50.09000,397120
73139,20101231,53.70000,397120
73139,20110131,57.56000,397120
73139,20110228,63.26000,391246
73139,20110331,60.80000,388878
73139,20110429,59.00000,388878
73139,20110531,62.40000,388004
73139,20110630,58.69000,388004
73139,20110729,54.34000,388328
73139,20110831,48.84000,388328
73139,20110930,47.13000,388328
73139,20111031,47.91000,382673
73139,20111130,48.83000,382673
73139,20111230,49.71000,382673
73139,20120131,55.43000,382673
73139,20120229,53.64000,381020
73139,20120330,55.48000,381264
73139,20120430,54.57000,380933
73139,20120531,51.45000,380933
73139,20120629,55.10000,380933
73139,20120731,52.03000,380444
73139,20120831,53.26000,380444
73139,20120928,55.66000,380444
73139,20121031,52.60000,380201
73139,20121130,54.16000,380201
73139,20121231,54.82000,380201
73139,20130131,62.65000,380201
73139,20130228,63.88000,380512
73139,20130328,65.24000,377125
73139,20130430,65.58000,378057
73139,20130531,66.39000,378057
73139,20130628,64.68000,378057
73139,20130731,70.46000,378132
73139,20130830,66.89000,378132
73139,20130930,67.59000,378132
73139,20131031,73.86000,378419
73139,20131129,74.42000,378419
73139,20131231,75.14000,378419
73139,20140131,77.60000,378419
73139,20140228,80.24000,377871
73139,20140331,81.47000,378200
73139,20140430,77.75000,379094
73139,20140530,84.49000,379094
73139,20140630,84.32000,379094
73139,20140731,79.77000,378583
73139,20140829,83.31000,378583
73139,20140930,80.75000,378583
73139,20141031,87.53000,378321
73139,20141128,92.91000,378321
73139,20141231,94.33000,378321
73139,20150130,91.05000,378321
73139,20150227,94.75000,378750
73139,20150331,92.25000,378977
73139,20150430,92.24000,378977
73139,20150529,96.13000,378409
73139,20150630,95.57000,378409
73139,20150731,102.27000,376558
73139,20150831,98.65000,376558
73139,20150930,94.10000,376558
73139,20151030,95.62000,376000
73139,20151130,96.46000,376000
73139,20151231,92.94000,376000
73139,20160129,99.15000,376000
73139,20160229,99.88000,372982
73139,20160331,107.29000,373192
73139,20160429,109.01000,373981
73139,20160531,111.16000,373981
73139,20160630,119.83000,373981
73139,20160729,116.28000,374302
73139,20160831,115.66000,374302
73139,20160930,116.41000,374302
73139,20161031,115.35000,374452
73139,20161130,113.66000,374452
73139,20161230,119.81000,374452
73139,20170131,123.53000,374000
73139,20170228,128.56000,372878
73139,20170331,131.64999,372878
73139,20170428,136.37000,373765
73139,20170531,142.96001,373765
73139,20170630,138.78000,373765
73139,20170731,147.10001,374063
73139,20170831,141.37000,374063
73139,20170929,142.02000,374063
73139,20171031,154.87000,374238
73139,20171130,156.00000,374238
73139,20171229,154.84000,374238
73139,20180131,164.38000,374238
73139,20180228,162.16000,374642
73139,20180329,160.92000,373113
73139,20180430,169.42000,373711
73139,20180531,174.02000,373711
73139,20180629,168.86000,373711
73139,20180731,163.25000,373990
73139,20180831,169.42999,373990
73139,20180928,177.67999,373990
73139,20181031,162.22000,374187
73139,20181130,175.46001,374187
73139,20181231,156.75000,374187
84788,19990129,116.93750,158289
84788,19990226,128.12500,158289
84788,19990331,172.18750,158289
84788,19990430,172.06250,158289
84788,19990528,118.75000,158289
84788,19990630,125.12500,158289
84788,19990730,100.06250,158289
84788,19990831,124.37500,158289
84788,19990930,79.93750,316578
84788,19991029,70.62500,340787
84788,19991130,85.06250,340787
84788,19991231,76.12500,340787
84788,20000131,64.56250,340787
84788,20000229,68.87500,340787
84788,20000331,67.00000,349959
84788,20000428,55.18750,351774
84788,20000531,48.31250,351774
84788,20000630,36.31250,355400
84788,20000731,30.12500,355864
84788,20000831,41.50000,355864
84788,20000929,38.43750,356102
84788,20001031,36.62500,356174
84788,20001130,24.68750,356174
84788,20001229,15.56250,357140
84788,20010131,17.31250,357140
84788,20010228,10.18750,358555
84788,20010330,10.23000,358847
84788,20010430,15.78000,359191
84788,20010531,16.69000,359191
84788,20010629,14.15000,362191
84788,20010731,12.49000,362744
84788,20010831,8.94000,362744
84788,20010928,5.97000,371766
84788,20011031,6.98000,371753
84788,20011130,11.32000,371753
84788,20011231,10.82000,373218
84788,20020131,14.19000,373291
84788,20020228,14.10000,373291
84788,20020328,14.30000,375109
84788,20020430,16.69000,375075
84788,20020531,18.23000,375075
84788,20020628,16.25000,380304
84788,20020731,14.45900,380469
84788,20020830,14.94000,380469
84788,20020930,15.93000,381216
84788,20021031,19.36000,381465
84788,20021129,23.35000,381465
84788,20021231,18.89000,387906
84788,20030131,21.85000,388243
84788,20030228,22.01000,388243
84788,20030331,26.03000,391609
84788,20030430,28.69000,391719
84788,20030530,35.89000,391719
84788,20030630,36.32000,396730
84788,20030731,41.64000,396988
84788,20030829,46.32000,398861
84788,20030930,48.43000,400422
84788,20031031,54.43000,401075
84788,20031128,53.97000,401075
84788,20031231,52.62000,403354
84788,20040130,50.40000,403354
84788,20040227,43.01000,404331
84788,20040331,43.28000,404894
84788,20040430,43.60000,405024
84788,20040528,48.50000,405024
84788,20040630,54.40000,406711
84788,20040730,38.92000,406861
84788,20040831,38.14000,406861
84788,20040930,40.86000,407464
84788,20041029,34.13000,408052
84788,20041130,39.68000,408052
84788,20041231,44.29000,409711
84788,20050131,43.22000,409711
84788,20050228,35.18000,409711
84788,20050331,34.27000,411000
84788,20050429,32.36000,410890
84788,20050531,35.51000,410890
84788,20050630,33.09000,410890
84788,20050729,45.15000,411913
84788,20050831,42.70000,411913
84788,20050930,45.30000,414000
84788,20051031,39.86000,414473
84788,20051130,48.46000,414473
84788,20051230,47.15000,416000
84788,20060131,44.82000,416000
84788,20060228,37.44000,416923
84788,20060331,36.53000,417000
84788,20060428,35.21000,417865
84788,20060531,34.61000,417865
84788,20060630,38.68000,419000
84788,20060731,26.89000,418943
84788,20060831,30.83000,418943
84788,20060929,32.12000,411000
84788,20061031,38.09000,411923
84788,20061130,40.34000,411923
84788,20061229,39.46000,414000
84788,20070131,37.67000,414000
84788,20070228,39.14000,414679
84788,20070330,39.79000,409000
84788,20070430,61.33000,409698
84788,20070531,69.14000,409698
84788,20070629,68.41000,413000
84788,20070731,78.54000,413399
84788,20070831,79.91000,413399
84788,20070928,93.15000,415000
84788,20071031,89.15000,415177
84788,20071130,90.56000,415177
84788,20071231,92.64000,416000
84788,20080131,77.70000,416000
84788,20080229,64.47000,417212
84788,20080331,71.30000,417000
84788,20080430,78.63000,417680
84788,20080530,81.62000,417680
84788,20080630,73.33000,426000
84788,20080731,76.34000,425921
84788,20080829,80.81000,425921
84788,20080930,72.76000,429000
84788,20081031,57.24000,428832
84788,20081128,42.70000,428832
84788,20081231,51.28000,428000
84788,20090130,58.82000,428583
84788,20090227,64.79000,429120
84788,20090331,73.44000,429000
84788,20090430,80.52000,429648
84788,20090529,77.99000,429648
84788,20090630,83.66000,432000
84788,20090731,85.76000,431807
84788,20090831,81.19000,431807
84788,20090930,93.36000,433000
84788,20091030,118.81000,432983
84788,20091130,135.91000,432983
84788,20091231,134.52000,444000
84788,20100129,125.41000,444546
84788,20100226,118.40000,445226
84788,20100331,135.77000,446000
84788,20100430,137.10001,445672
84788,20100528,125.46000,445672
84788,20100630,109.26000,448000
84788,20100730,117.89000,447825
84788,20100831,124.83000,447825
84788,20100930,157.06000,449000
84788,20101029,165.23000,448837
84788,20101130,175.39999,448837
84788,20101231,180.00000,451000
84788,20110131,169.64000,451004
84788,20110228,173.28999,451616
84788,20110331,180.13000,452000
84788,20110429,195.81000,452043
84788,20110531,196.69000,452043
84788,20110630,204.49001,454000
84788,20110729,222.52000,453935
84788,20110831,215.23000,453935
84788,20110930,216.23000,455000
84788,20111031,213.50999,454754
84788,20111130,192.28999,454754
84788,20111230,173.10001,455000
84788,20120131,194.44000,455068
84788,20120229,179.69000,451592
84788,20120330,202.50999,450000
84788,20120430,231.89999,450526
84788,20120531,212.91000,450526
84788,20120629,228.35001,452000
84788,20120731,233.30000,452065
84788,20120831,248.27000,452065
84788,20120928,254.32001,453000
84788,20121031,232.89310,452959
84788,20121130,252.05000,452959
84788,20121231,250.87000,454000
84788,20130131,265.50000,454551
84788,20130228,264.26999,454967
84788,20130328,266.48999,455000
84788,20130430,253.81000,455243
84788,20130531,269.20001,455243
84788,20130628,277.69000,457000
84788,20130731,301.22000,456884
84788,20130830,280.98001,456884
84788,20130930,312.64001,458000
84788,20131031,364.03000,457734
84788,20131129,393.62000,457734
84788,20131231,398.79001,459000
84788,20140131,358.69000,459265
84788,20140228,362.10001,459894
84788,20140331,336.36499,460000
84788,20140430,304.13000,460167
84788,20140530,312.54999,460167
84788,20140630,324.78000,462000
84788,20140731,312.98999,462036
84788,20140829,339.04001,462036
84788,20140930,322.44000,463000
84788,20141031,305.45999,463006
84788,20141128,338.64001,463006
84788,20141231,310.35001,464384
84788,20150130,354.53000,464384
84788,20150227,380.16000,465393
84788,20150331,372.10001,466000
84788,20150430,421.78000,465681
84788,20150529,429.23001,465681
84788,20150630,434.09000,468000
84788,20150731,536.15002,467710
84788,20150831,512.89001,467710
84788,20150930,511.89001,469000
84788,20151030,625.90002,468762
84788,20151130,664.79999,468762
84788,20151231,675.89001,471000
84788,20160129,587.00000,470842
84788,20160229,552.52002,470899
84788,20160331,593.64001,472000
84788,20160429,659.59003,471828
84788,20160531,722.78998,471828
84788,20160630,715.62000,474000
84788,20160729,758.81000,474074
84788,20160831,769.15997,474074
84788,20160930,837.31000,475000
84788,20161031,789.82001,475167
84788,20161130,750.57001,475167
84788,20161230,749.87000,477000
84788,20170131,823.47998,477171
84788,20170228,845.03998,477615
84788,20170331,886.53998,478000
84788,20170428,924.98999,477975
84788,20170531,994.62000,477975
84788,20170630,968.00000,480000
84788,20170731,987.78003,480380
84788,20170831,980.59998,480380
84788,20170929,961.34998,482000
84788,20171031,1105.28003,481872
84788,20171130,1176.75000,481872
84788,20171229,1169.46997,481872
84788,20180131,1450.89001,484107
84788,20180228,1512.44995,484608
84788,20180329,1447.33997,485000
84788,20180430,1566.13000,485227
84788,20180531,1629.62000,485227
84788,20180629,1699.80005,487000
84788,20180731,1777.43994,487741
84788,20180831,2012.70996,487741
84788,20180928,2003.00000,484000
84788,20181031,1598.01001,488969
84788,20181130,1690.17004,488969
84788,20181231,1501.96997,488969
