caldt,vwretd,vwindd,vwretx,vwindx,ewretd,ewindd,ewretx,ewindx,sprtrn,spindx,CAP1RET,CAP1IND,CAP2RET,CAP2IND,CAP3RET,CAP3IND,CAP4RET,CAP4IND,CAP5RET,CAP5IND,CAP6RET,CAP6IND,CAP7RET,CAP7IND,CAP8RET,CAP8IND,CAP9RET,CAP9IND,CAP10RET,CAP10IND,totval,totcnt,usdval,usdcnt
19980130,0.004502,1984.34800,0.003624,796.308000,0.015367,3135.04000,0.014571,1797.67300,0.010150,980.28,0.078708,8262.10100,0.022566,2765.47400,0.008294,1986.94400,0.005687,1967.46300,0.010929,2047.12000,-0.015406,2248.90500,0.005654,1997.13300,-0.008649,2618.25400,-0.009182,2326.25400,0.006536,1875.07800,10832553600.00,9090,10757968000.00,9035
19980227,0.073303,2129.80700,0.071798,853.481600,0.060460,3324.58500,0.059475,1904.59000,0.070449,1049.34,0.040580,8597.38100,0.040307,2876.94200,0.049556,2085.41000,0.049105,2064.07400,0.054778,2159.25700,0.058991,2381.57100,0.070045,2137.02300,0.065636,2790.10700,0.082336,2517.78700,0.073539,2012.96900,11609181700.00,9082,10808114800.00,9018
19980331,0.051301,2239.06900,0.050044,896.193100,0.046884,3480.45500,0.045695,1991.62100,0.049946,1101.75,0.038040,8924.42500,0.047118,3012.49700,0.035078,2158.56200,0.051862,2171.12100,0.049818,2266.82600,0.043668,2485.56900,0.040033,2222.57400,0.044000,2912.87300,0.043153,2626.43700,0.052883,2119.42100,12270630900.00,9053,11586906500.00,8987
19980430,0.010904,2263.48200,0.009902,905.067400,0.023244,3561.35500,0.022231,2035.89700,0.009076,1111.75,0.051106,9380.51800,0.049401,3161.31700,0.034102,2232.17300,0.029364,2234.87300,0.017723,2307.00200,0.008342,2506.30200,0.016173,2258.52100,0.010015,2942.04400,0.002457,2632.89000,0.011317,2143.40800,12404129800.00,9048,12218588100.00,8975
19980529,-0.025748,2205.20200,-0.027040,880.594500,-0.042571,3409.74600,-0.043589,1947.15300,-0.018826,1090.82,-0.039918,9006.07000,-0.044151,3021.74300,-0.042422,2137.48000,-0.038745,2148.28400,-0.048458,2195.21000,-0.055135,2368.11600,-0.057028,2129.72200,-0.046234,2806.02200,-0.050644,2499.54900,-0.020750,2098.93200,12109391500.00,9052,12383486500.00,8975
19980630,0.031944,2275.64600,0.030725,907.650700,-0.029150,3310.35300,-0.030414,1887.93200,0.039438,1133.84,-0.061143,8455.41100,-0.051517,2866.07300,0.002836,2143.54300,-0.042334,2057.33800,-0.034609,2119.23600,-0.020592,2319.35300,0.004194,2138.65300,-0.003604,2795.90800,0.008517,2520.83600,0.038599,2179.94900,12563660200.00,9035,12040038200.00,8946
19980731,-0.023367,2222.47000,-0.024343,885.555500,-0.050546,3143.02800,-0.051324,1791.03500,-0.011615,1120.67,-0.063261,7920.51200,-0.039296,2753.44800,-0.052738,2030.49700,-0.061708,1930.38500,-0.052071,2008.88600,-0.057256,2186.55600,-0.057289,2016.13200,-0.071682,2595.49100,-0.068959,2347.00100,-0.015073,2147.09100,12280112800.00,9017,12496602000.00,8940
19980831,-0.157844,1871.66700,-0.159153,744.617100,-0.196406,2525.71800,-0.197447,1437.40100,-0.145797,957.28,-0.201933,6321.10200,-0.204776,2189.60900,-0.220332,1583.11500,-0.199932,1544.43900,-0.208020,1590.99800,-0.202999,1742.68700,-0.203482,1605.88600,-0.198312,2080.77300,-0.188077,1905.58500,-0.150894,1823.10700,10329305300.00,8964,12233512300.00,8924
19980930,0.063827,1991.12900,0.062308,791.012500,0.043248,2634.95100,0.041855,1497.56400,0.062396,1017.01,0.004761,6351.19500,0.007321,2205.64000,0.048730,1660.26000,0.026133,1584.80000,0.041036,1656.28500,0.049498,1828.94700,0.073498,1723.91700,0.074088,2234.93300,0.066653,2032.59700,0.063695,1939.22900,10989073800.00,8893,10279623300.00,8872
19981030,0.074393,2139.25400,0.073375,849.053000,0.037827,2734.62300,0.036964,1552.92000,0.080294,1098.67,-0.003502,6328.95400,-0.014782,2173.03700,0.026085,1703.56800,0.022792,1620.92100,0.020732,1690.62400,0.021558,1868.37500,0.028619,1773.25400,0.034431,2311.88400,0.046899,2127.92300,0.080971,2096.25000,11786920600.00,8788,10844845700.00,8758
19981130,0.062023,2271.93800,0.060615,900.518200,0.075912,2942.21300,0.074828,1669.12100,0.059126,1163.63,0.112677,7042.08300,0.093880,2377.04100,0.083957,1846.59500,0.062703,1722.55800,0.090030,1842.83000,0.076604,2011.50100,0.081413,1917.61900,0.061809,2454.78000,0.050531,2235.45000,0.062072,2226.36900,12531813100.00,8757,11700293100.00,8711
19981231,0.063051,2415.18600,0.061723,956.101100,0.018861,2997.70600,0.017255,1697.92200,0.056375,1229.23,-0.010403,6968.82500,-0.015292,2340.69100,-0.009951,1828.22000,0.034806,1782.51400,0.035837,1908.87100,0.036986,2085.89800,0.056047,2025.09700,0.048139,2572.95100,0.070337,2392.68400,0.064145,2369.17900,13297325700.00,8710,12482503700.00,8634
19990129,0.038456,2508.06400,0.037657,992.105400,0.064861,3192.14200,0.064052,1806.67800,0.041009,1279.64,0.179409,8219.09800,0.118527,2618.12500,0.092498,1997.32600,0.058141,1886.15000,0.041534,1988.15400,0.037732,2164.60300,0.005922,2037.09000,0.007603,2592.51200,-0.001066,2390.13300,0.042798,2470.57500,13750421600.00,8656,13184687300.00,8616
19990226,-0.038085,2412.54500,-0.039271,953.144800,-0.042172,3057.52300,-0.043266,1728.51000,-0.032283,1238.33,-0.008062,8152.83400,-0.044612,2501.32500,-0.043309,1910.82400,-0.046351,1798.72600,-0.056510,1875.80300,-0.061446,2031.59700,-0.062229,1910.32400,-0.079292,2386.94600,-0.058204,2251.01800,-0.034307,2385.81800,13243810700.00,8619,13739211700.00,8573
19990331,0.037932,2504.05800,0.036659,988.086000,-0.001370,3053.33500,-0.002957,1723.40000,0.038794,1286.37,-0.023787,7958.90000,-0.051638,2372.16300,-0.019020,1874.47900,-0.028974,1746.60900,-0.019491,1839.24100,-0.008348,2014.63600,0.011634,1932.54800,0.019939,2434.53900,0.039414,2339.73900,0.040399,2482.20300,13754135000.00,8541,13145283900.00,8495
19990430,0.049104,2627.01800,0.048283,1035.79400,0.083906,3309.52800,0.082850,1866.18400,0.037944,1335.18,0.091366,8686.07000,0.083642,2570.57600,0.101874,2065.44000,0.061417,1853.88100,0.092489,2009.35100,0.100520,2217.14700,0.080936,2088.96000,0.073341,2613.09000,0.097042,2566.79300,0.043234,2589.51900,14475423800.00,8503,13723304500.00,8442
19990528,-0.020718,2572.59200,-0.022392,1012.60100,0.025137,3392.72100,0.023668,1910.35300,-0.024970,1301.84,0.029839,8945.25400,0.038474,2669.47700,0.017428,2101.43500,0.025847,1901.79900,0.018752,2047.03100,0.005331,2228.96600,0.007344,2104.30200,0.014635,2651.33400,-0.004176,2556.07400,-0.024623,2525.75700,14221298300.00,8487,14444252600.00,8420
19990630,0.050829,2703.35400,0.049731,1062.95800,0.038402,3523.00600,0.036841,1980.73300,0.054438,1372.71,0.002278,8965.63400,0.017436,2716.02200,0.027340,2158.88900,0.034151,1966.74800,0.042743,2134.52700,0.059641,2361.90400,0.064134,2239.25900,0.068587,2833.18000,0.054984,2696.61700,0.049771,2651.46700,14903499500.00,8474,14077526000.00,8392
19990730,-0.030843,2619.97600,-0.031720,1029.24100,0.007278,3548.64600,0.006299,1993.21000,-0.032046,1328.72,0.039122,9316.39100,0.032483,2804.24500,0.014983,2191.23500,0.013885,1994.05700,0.009744,2155.32700,-0.003487,2353.66800,-0.025108,2183.03500,-0.005590,2817.34300,-0.019007,2645.36200,-0.033800,2561.84900,14472704400.00,8462,14855044800.00,8378
19990831,-0.009931,2593.95600,-0.011089,1017.82800,-0.030611,3440.01600,-0.031797,1929.83200,-0.006254,1320.41,-0.042218,8923.06800,-0.023297,2738.91600,-0.032654,2119.68200,-0.023276,1947.64200,-0.022385,2107.08100,-0.032176,2277.93600,-0.023838,2130.99500,-0.026588,2742.43700,-0.022859,2584.89200,-0.007503,2542.62700,14341537700.00,8434,14430052300.00,8369
19990930,-0.022693,2535.09200,-0.023896,993.505700,-0.014226,3391.08000,-0.015636,1899.65600,-0.028552,1282.71,0.004006,8958.81400,0.007493,2759.43700,-0.030354,2055.34100,-0.027221,1894.62500,-0.001459,2104.00800,-0.002607,2271.99800,0.004007,2139.53500,0.004443,2754.62100,-0.009969,2559.12200,-0.025610,2477.51100,14057565300.00,8408,14309695200.00,8343
19991029,0.062095,2692.50900,0.061306,1054.41300,-0.001398,3386.33900,-0.002457,1894.98800,0.062539,1362.93,-0.004420,8919.21400,0.014958,2800.71200,0.015933,2088.08900,0.000684,1895.92200,0.002080,2108.38400,-0.007381,2255.22800,0.004655,2149.49400,0.028464,2833.02800,0.043893,2671.45000,0.067806,2645.50000,14998451400.00,8414,13924355100.00,8323
19991130,0.036824,2791.65700,0.035617,1091.96900,0.091441,3695.98900,0.090005,2065.54600,0.019062,1388.91,0.125510,10038.6700,0.131151,3168.02800,0.150691,2402.74500,0.102315,2089.90400,0.098021,2315.05000,0.098260,2476.82700,0.087359,2337.27200,0.085237,3074.50800,0.089861,2911.50800,0.028021,2719.63000,15653630600.00,8392,14944687000.00,8308
19991231,0.083754,3025.47000,0.082643,1182.21200,0.084843,4009.56700,0.082824,2236.62400,0.057844,1469.25,0.146233,11506.6500,0.211707,3838.72100,0.183476,2843.59100,0.152883,2409.41400,0.133389,2623.85100,0.139399,2822.09400,0.116750,2610.15000,0.153284,3545.78100,0.137465,3311.74000,0.073866,2920.51800,17017886200.00,8361,15527909500.00,8300
20000131,-0.039624,2905.58800,-0.040265,1134.61000,0.050642,4212.62100,0.049740,2347.87400,-0.050904,1394.46,0.207740,13897.0400,0.094947,4203.19500,0.096641,3118.39900,0.053805,2539.05300,0.053869,2765.19600,0.041452,2939.07600,-0.001963,2605.02700,-0.019522,3476.56000,-0.024040,3232.12500,-0.044635,2790.16200,16336828900.00,8323,16967249500.00,8294
20000229,0.031778,2997.92300,0.030675,1169.41400,0.120481,4720.16300,0.119228,2627.80500,-0.020108,1366.42,0.240418,17238.1400,0.159177,4872.24700,0.141415,3559.38900,0.160683,2947.03600,0.142520,3159.29000,0.126854,3311.91000,0.164275,3032.96800,0.092821,3799.25900,0.102485,3563.36900,0.018506,2841.79600,17001520800.00,8328,16303687700.00,8245
20000331,0.053501,3158.31300,0.052517,1230.82800,-0.000464,4717.97500,-0.002110,2622.26100,0.096720,1498.58,-0.027778,16759.3000,-0.055455,4602.05600,-0.033748,3439.26600,-0.045561,2812.76500,-0.055084,2985.26200,-0.025065,3228.89700,-0.075443,2804.15300,-0.019496,3725.18800,-0.015688,3507.46900,0.067973,3034.96200,18164200200.00,8309,16956910500.00,8223
20000428,-0.059527,2970.30900,-0.060317,1156.58800,-0.088473,4300.56000,-0.089659,2387.15100,-0.030796,1452.43,-0.170390,13903.6800,-0.137267,3970.34400,-0.136712,2969.07700,-0.120817,2472.93500,-0.118426,2631.72800,-0.120302,2840.45600,-0.099531,2525.05300,-0.092972,3378.85000,-0.088819,3195.94000,-0.053196,2873.51500,17154277900.00,8326,18077490200.00,8244
20000531,-0.038870,2854.85400,-0.040029,1110.29200,-0.057337,4053.97800,-0.058916,2246.51000,-0.021915,1420.60,-0.087108,12692.5600,-0.053094,3759.54200,-0.074732,2747.19300,-0.073732,2290.60100,-0.075282,2433.60700,-0.083794,2602.44300,-0.054259,2388.04700,-0.039011,3247.03700,-0.053837,3023.87900,-0.036373,2768.99800,16503501200.00,8331,17080291700.00,8259
20000630,0.051603,3002.17400,0.050806,1166.70100,0.079304,4375.47400,0.077750,2421.17600,0.023934,1454.60,0.056428,13408.7700,0.041152,3914.25500,0.086652,2985.24300,0.113539,2550.67400,0.118113,2721.04800,0.137743,2960.91200,0.147838,2741.09200,0.086333,3527.36300,0.069936,3235.35700,0.045483,2894.94000,17404189300.00,8328,16286057900.00,8231
20000731,-0.017712,2949.00000,-0.018432,1145.19600,-0.019303,4291.01600,-0.020552,2371.41500,-0.016341,1430.83,-0.023833,13089.1900,-0.031881,3789.46600,-0.038128,2871.42300,-0.043407,2439.95700,-0.037794,2618.20800,-0.025990,2883.95800,-0.039020,2634.13400,-0.022568,3447.75700,-0.036438,3117.46800,-0.015209,2850.91000,17106733500.00,8342,17242854700.00,8255
20000831,0.075006,3170.19300,0.073825,1229.74000,0.059300,4545.47100,0.057971,2508.88800,0.060699,1517.68,0.068825,13990.0600,0.051812,3985.80600,0.049384,3013.22400,0.071696,2614.89200,0.099403,2878.46700,0.079882,3114.33300,0.072737,2825.73200,0.087442,3749.23700,0.072582,3343.74100,0.074708,3063.89600,18437238600.00,8362,17061146500.00,8262
20000929,-0.051141,3008.06400,-0.051882,1165.93900,-0.040045,4363.44600,-0.041355,2405.13300,-0.053483,1436.51,-0.030076,13569.3000,-0.019349,3908.68400,-0.012657,2975.08600,-0.026951,2544.41900,-0.022020,2815.08200,-0.020103,3051.72500,-0.017516,2776.23500,-0.033370,3624.12400,-0.054423,3161.76400,-0.053000,2901.51000,17566409700.00,8343,18389916600.00,8277
20001031,-0.024490,2934.39800,-0.025164,1136.59900,-0.066833,4071.82200,-0.067922,2241.77100,-0.004949,1429.40,-0.106276,12127.2100,-0.065300,3653.44600,-0.084627,2723.31400,-0.075527,2352.24800,-0.067789,2624.24900,-0.075638,2820.89800,-0.058510,2613.79700,-0.064479,3390.44500,-0.045210,3018.82000,-0.019296,2845.52400,17119308000.00,8286,17492137100.00,8230
20001130,-0.102372,2633.99700,-0.103579,1018.87000,-0.118569,3589.02900,-0.119894,1972.99500,-0.080069,1314.95,-0.122512,10641.4800,-0.094651,3307.64500,-0.100400,2449.89200,-0.113702,2084.79400,-0.104450,2350.14600,-0.118718,2486.00700,-0.131683,2269.60300,-0.115971,2997.25300,-0.106141,2698.39800,-0.100760,2558.80800,15328812500.00,8216,17039200200.00,8176
20001229,0.020422,2687.79000,0.019428,1038.66500,-0.007053,3563.71500,-0.008997,1955.24400,0.004053,1320.28,-0.072644,9868.43900,-0.009388,3276.59300,-0.023589,2392.10100,0.015263,2116.61300,0.029063,2418.44900,0.054675,2621.93100,0.082498,2456.84000,0.085826,3254.49400,0.079263,2912.28200,0.012248,2590.14800,15623503500.00,8133,15236964400.00,8104
20010131,0.039601,2794.23000,0.038813,1078.97900,0.225038,4365.68600,0.224085,2393.38300,0.034637,1366.01,0.542924,15226.2500,0.353569,4435.09300,0.285307,3074.58500,0.260551,2668.09800,0.210401,2927.29200,0.199868,3145.97100,0.149601,2824.38500,0.104737,3595.36100,0.055725,3074.57000,0.030979,2670.38800,16246821200.00,8049,15474132600.00,8028
20010228,-0.099102,2517.31600,-0.100201,970.864100,-0.074487,4040.50100,-0.075596,2212.45400,-0.092291,1239.94,-0.134064,13184.9600,-0.088664,4041.86200,-0.096213,2778.76900,-0.083123,2446.31900,-0.086829,2673.11900,-0.100246,2830.59900,-0.097538,2548.90000,-0.093384,3259.61100,-0.090983,2794.83600,-0.100082,2403.13000,14621518000.00,8000,16168505100.00,7974
20010330,-0.070392,2340.11800,-0.071348,901.595000,-0.072658,3746.92500,-0.074174,2048.34800,-0.064205,1160.33,-0.112741,11698.4800,-0.089677,3679.39900,-0.075723,2568.35300,-0.052777,2317.21100,-0.041925,2561.04700,-0.060933,2658.12300,-0.061381,2392.44500,-0.051687,3091.13200,-0.068917,2602.22400,-0.071550,2231.18500,13600863500.00,7947,14595776200.00,7912
20010430,0.083829,2536.28800,0.082824,976.268600,0.076441,4033.34500,0.075266,2202.51900,0.076814,1249.46,0.042498,12195.6500,0.053535,3876.37500,0.044634,2682.98800,0.030237,2387.27700,0.041491,2667.30800,0.059635,2816.64100,0.077041,2576.76100,0.081592,3343.34300,0.097349,2855.54700,0.083750,2418.04700,14741727600.00,7854,13579360600.00,7834
20010531,0.010455,2562.80600,0.009069,985.122700,0.062199,4284.21600,0.060764,2336.35300,0.005090,1255.82,0.080882,13182.0600,0.088026,4217.59800,0.077453,2890.79300,0.076470,2569.83300,0.085605,2895.64200,0.103348,3107.73600,0.056149,2721.44300,0.031300,3447.98900,0.028334,2936.45600,0.005746,2431.94100,14875172700.00,7778,14689427700.00,7745
20010629,-0.017553,2517.82100,-0.018328,967.067400,0.007726,4317.31500,0.006433,2351.38200,-0.025004,1224.42,-0.005509,13109.4300,0.015701,4283.82000,0.015835,2936.56700,0.016425,2612.04200,0.039828,3010.96900,0.015572,3156.13000,0.061866,2889.80900,0.048406,3614.89200,-0.000321,2935.51300,-0.023616,2374.50900,14635914200.00,7722,14836316400.00,7690
20010731,-0.018298,2471.75000,-0.019265,948.437000,-0.028403,4194.69000,-0.029681,2281.59200,-0.010772,1211.23,-0.020549,12840.0400,0.010655,4329.46400,0.000356,2937.61300,-0.002086,2606.59200,-0.016719,2960.62700,-0.039346,3031.94900,-0.045815,2757.41100,-0.046220,3447.81300,-0.028078,2853.09100,-0.015774,2337.05400,14374807600.00,7676,14609681200.00,7637
20010831,-0.058981,2325.96300,-0.060356,891.192800,-0.035013,4047.82300,-0.036303,2198.76400,-0.064108,1133.58,-0.018399,12603.8000,-0.019852,4243.51600,-0.024467,2865.73900,-0.026349,2537.91100,-0.023859,2889.98900,-0.027097,2949.79100,-0.031258,2671.21900,-0.033075,3333.77800,-0.037274,2746.74500,-0.063106,2189.57300,13527706400.00,7586,14271292400.00,7562
20010928,-0.091485,2113.17200,-0.092618,808.652300,-0.127787,3530.56600,-0.129051,1915.01100,-0.081723,1040.94,-0.118349,11112.1500,-0.096276,3834.96900,-0.096192,2590.07800,-0.092008,2304.40200,-0.115001,2557.63600,-0.123007,2586.94600,-0.142317,2291.06000,-0.139316,2869.33000,-0.127889,2395.46700,-0.085145,2003.14200,12277196700.00,7552,13499229200.00,7526
20011031,0.027836,2171.99400,0.026818,830.338500,0.078125,3806.39100,0.077080,2062.62100,0.018099,1059.78,0.067687,11864.3000,0.096111,4203.55200,0.057638,2739.36500,0.062956,2449.47800,0.046470,2676.49100,0.054887,2728.93600,0.061011,2430.84000,0.057238,3033.56600,0.051298,2518.35000,0.023538,2050.29300,12628237900.00,7530,12207729900.00,7492
20011130,0.078777,2343.09600,0.077341,894.557700,0.080799,4113.94300,0.079633,2226.87300,0.075176,1139.45,0.059298,12567.8300,0.066361,4482.50400,0.049319,2874.46900,0.038238,2543.14000,0.064498,2849.11900,0.075713,2935.55100,0.075302,2613.88600,0.070753,3248.20100,0.075264,2707.89100,0.079827,2213.96200,13604095200.00,7471,12605184100.00,7436
20011231,0.017853,2384.92700,0.016570,909.380900,0.057768,4351.59700,0.055996,2351.57000,0.007574,1148.08,0.052536,13228.1000,0.054700,4727.69700,0.046973,3009.49200,0.050558,2671.71600,0.062089,3026.01800,0.063817,3122.89000,0.054852,2757.26200,0.060909,3446.04600,0.065333,2884.80600,0.010536,2237.28900,13845359900.00,7437,13562743700.00,7407
20020131,-0.015975,2346.82800,-0.016929,893.985800,0.018192,4430.75900,0.017193,2392.00000,-0.015574,1130.20,0.103275,14594.2300,0.055255,4988.92700,0.046446,3149.26900,0.025879,2740.85600,0.012246,3063.07500,-0.005862,3104.58300,-0.012083,2723.94600,-0.008836,3415.59600,-0.021352,2823.20800,-0.016557,2200.24700,13620320900.00,7389,13823103700.00,7371
20020228,-0.021696,2295.91000,-0.023063,873.367900,-0.033066,4284.25000,-0.034170,2310.26600,-0.020766,1106.73,-0.049098,13877.6800,-0.031428,4832.13400,-0.027254,3063.43900,-0.029858,2659.02100,-0.041612,2935.61400,-0.042805,2971.69200,-0.031256,2638.80700,-0.032075,3306.03900,-0.018938,2769.74400,-0.020910,2154.24000,13316984400.00,7349,13606194100.00,7329
20020328,0.044678,2398.48700,0.043709,911.541600,0.074653,4604.08300,0.073227,2479.44100,0.036739,1147.39,0.086237,15074.4500,0.063145,5137.25900,0.074666,3292.17500,0.055437,2806.42800,0.073622,3151.74100,0.079679,3208.47200,0.083413,2858.91600,0.076820,3560.01000,0.069935,2963.44700,0.039758,2239.88800,13938288200.00,7322,13300963700.00,7293
20020430,-0.049618,2279.47900,-0.050521,865.489200,-0.003165,4589.51100,-0.004319,2468.73100,-0.061418,1076.92,0.010806,15237.3400,0.011408,5195.86400,0.017581,3350.05300,0.012433,2841.32100,0.011707,3188.63900,0.020404,3273.93800,0.009615,2886.40500,0.001886,3566.72400,-0.014459,2920.59800,-0.057802,2110.41700,13264908600.00,7266,13931735600.00,7239
20020531,-0.010521,2255.49600,-0.011969,855.130000,-0.015507,4518.34000,-0.016973,2426.83000,-0.009081,1067.14,0.002296,15272.3300,0.001722,5204.81400,0.006158,3370.68400,0.020643,2899.97300,-0.001401,3184.17000,-0.029281,3178.07500,-0.038325,2775.78400,-0.037146,3434.23300,-0.027688,2839.73300,-0.007187,2095.24900,13216854300.00,7237,13236873300.00,7209
20020628,-0.070251,2097.04500,-0.071507,793.982200,-0.067317,4214.17800,-0.068724,2260.04900,-0.072465,989.81,-0.021772,14939.8200,-0.061377,4885.35900,-0.051909,3195.71400,-0.051458,2750.74700,-0.023733,3108.60100,-0.023369,3103.80700,-0.025946,2703.76400,-0.048348,3268.19500,-0.071974,2635.34600,-0.073219,1941.83800,12326854300.00,7214,13203444200.00,7180
20020731,-0.081149,1926.87300,-0.082334,728.610400,-0.107497,3761.16500,-0.108516,2014.79700,-0.078995,911.62,-0.084203,13681.8300,-0.096553,4413.66400,-0.088560,2912.70100,-0.087103,2511.14800,-0.112718,2758.20400,-0.123974,2719.01400,-0.144882,2312.03700,-0.132832,2834.07500,-0.096250,2381.69500,-0.074897,1796.40100,11333229800.00,7187,12309141000.00,7156
20020830,0.007976,1942.24100,0.006431,733.296300,0.006337,3784.99800,0.005059,2024.99100,0.004881,916.07,0.021200,13971.8800,-0.000841,4409.95100,0.008426,2937.24300,0.004658,2522.84400,-0.005755,2742.33000,-0.003230,2710.23200,0.013030,2342.16300,0.010448,2863.68600,0.012894,2412.40400,0.007559,1809.97900,11395579500.00,7126,11322099700.00,7111
20020930,-0.099920,1748.17300,-0.101384,658.951600,-0.084490,3465.20200,-0.085871,1851.10300,-0.110013,815.29,0.005228,14044.9200,-0.059004,4149.74800,-0.050328,2789.41700,-0.051914,2391.87300,-0.066890,2558.89700,-0.061838,2542.63800,-0.058573,2204.97600,-0.074318,2650.86300,-0.076122,2228.76800,-0.105514,1619.00000,10239226900.00,7096,11378056000.00,7076
20021031,0.074919,1879.14500,0.073501,707.385500,0.042773,3613.41900,0.041581,1928.07400,0.086436,885.76,-0.023627,13713.0800,0.013521,4205.85500,0.013771,2827.83100,0.012852,2422.61200,0.012947,2592.02600,0.014816,2580.30900,0.010378,2227.86000,0.012775,2684.72800,0.036657,2310.46700,0.084977,1756.57800,11000326200.00,7056,10229185600.00,7020
20021129,0.061263,1994.26600,0.059593,749.540900,0.117775,4038.99100,0.116389,2152.48100,0.057070,936.31,-0.036977,13206.0200,0.062249,4467.66700,0.062699,3005.13300,0.052879,2550.71600,0.067816,2767.80800,0.075307,2774.62300,0.067478,2378.19200,0.071161,2875.77500,0.071921,2476.63800,0.059727,1861.49300,11656389500.00,7056,10971613100.00,7006
20021231,-0.053315,1887.94200,-0.054958,708.347400,-0.040159,3876.79100,-0.042056,2061.95600,-0.060333,879.82,0.108922,14644.4400,0.002268,4477.80100,-0.009034,2977.98300,0.007816,2570.65300,-0.019538,2713.73000,-0.034113,2679.97300,-0.027739,2312.22300,-0.040410,2759.56600,-0.037592,2383.53500,-0.057176,1755.06100,11026837200.00,7020,11645923400.00,6991
20030131,-0.023400,1843.76400,-0.024610,690.915200,0.006068,3900.31600,0.004703,2071.65400,-0.027415,855.70,0.084935,15888.2600,0.027711,4601.88300,0.028454,3062.71800,0.012221,2602.06800,-0.002321,2707.43200,-0.017093,2634.16500,-0.025765,2252.64800,-0.018585,2708.27900,-0.022926,2328.89000,-0.024235,1712.52700,10754193000.00,6974,11014418400.00,6957
20030228,-0.015391,1815.38700,-0.017218,679.019200,-0.021448,3816.66300,-0.022694,2024.64000,-0.017004,841.15,-0.014328,15660.6200,-0.004499,4581.18100,-0.018147,3007.13900,-0.022916,2542.43900,-0.016880,2661.73000,-0.024137,2570.58500,-0.025976,2194.13300,-0.028454,2631.21700,-0.022583,2276.29800,-0.013813,1688.87100,10565800800.00,6937,10745760000.00,6920
20030331,0.010318,1834.11800,0.008897,685.060700,0.009434,3852.66900,0.007553,2039.93100,0.008358,848.18,0.006936,15769.2300,0.015442,4651.92400,-0.000745,3004.89700,0.007748,2562.13900,0.018057,2709.79300,0.018219,2617.41800,0.009159,2214.22900,0.013304,2666.22200,0.013065,2306.03700,0.009848,1705.50300,10669443100.00,6870,10542712100.00,6857
20030430,0.082750,1985.89100,0.081162,740.661900,0.098231,4231.12000,0.096693,2237.17800,0.081044,916.92,0.096427,17289.8000,0.097282,5104.47500,0.072644,3223.18500,0.088320,2788.42700,0.099197,2978.59500,0.089514,2851.71400,0.100312,2436.34300,0.096249,2922.84300,0.091514,2517.07300,0.080758,1843.23600,11538803100.00,6834,10606396800.00,6815
20030530,0.063436,2111.86800,0.061743,786.392400,0.133177,4794.61000,0.131672,2531.75000,0.050899,963.59,0.202561,20792.0400,0.158182,5911.91100,0.139077,3671.45700,0.164673,3247.60400,0.111731,3311.39700,0.115914,3182.26700,0.118681,2725.49000,0.104691,3228.83800,0.090985,2746.08800,0.055961,1946.38600,12247408500.00,6795,11533824900.00,6778
20030630,0.016320,2146.33400,0.014771,798.008100,0.049745,5033.11800,0.048073,2653.45900,0.011322,974.50,0.075153,22354.6300,0.078600,6376.58600,0.073973,3943.04600,0.062079,3449.21300,0.034682,3426.24400,0.049085,3338.46900,0.025942,2796.19400,0.020698,3295.67000,0.020952,2803.62300,0.014295,1974.21000,12444422600.00,6774,12240922300.00,6749
20030731,0.023098,2195.91000,0.021749,815.364400,0.061927,5344.80600,0.060521,2814.05000,0.016224,990.31,0.077242,24081.3600,0.107583,7062.59900,0.076210,4243.54300,0.064248,3670.81600,0.068860,3662.17500,0.063163,3549.33500,0.075330,3006.83300,0.038327,3421.98200,0.039013,2913.00000,0.018047,2009.83700,12719235500.00,6742,12431030400.00,6714
20030829,0.024996,2250.79900,0.023516,834.538800,0.047429,5598.30600,0.045976,2943.42800,0.017873,1008.01,0.064206,25627.5300,0.054020,7444.12000,0.047660,4445.79100,0.042521,3826.90300,0.032166,3779.97200,0.047671,3718.53700,0.046400,3146.35100,0.045045,3576.12400,0.048773,3055.07500,0.020495,2051.02900,13034982600.00,6715,12703520600.00,6689
20030930,-0.009116,2230.28000,-0.010602,825.690900,0.025239,5739.60400,0.023649,3013.03700,-0.011944,995.97,0.063392,27252.1000,0.061900,7904.91400,0.045897,4649.83900,0.049295,4015.55100,0.032124,3901.39900,0.006027,3740.94700,-0.014012,3102.26500,-0.013627,3527.39200,-0.013774,3012.99400,-0.009660,2031.21500,12955265900.00,6709,13027415600.00,6680
20031031,0.060316,2364.80100,0.058836,874.271200,0.080954,6204.24600,0.079414,3252.31400,0.054962,1050.71,0.124259,30638.4100,0.105655,8740.10400,0.099993,5114.79200,0.095471,4398.92100,0.081009,4217.44600,0.093113,4089.27900,0.086675,3371.15300,0.070712,3776.82300,0.078381,3249.15500,0.055972,2144.90600,13731193400.00,6703,12947556100.00,6670
20031128,0.016593,2404.04100,0.015052,887.430500,0.038147,6440.91900,0.036667,3371.56600,0.007129,1058.20,0.062120,32541.6700,0.046516,9146.66200,0.048852,5364.66100,0.041645,4582.11300,0.044255,4404.09000,0.038556,4246.94700,0.031225,3476.41700,0.036884,3916.12600,0.033768,3358.87100,0.012370,2171.43900,13962503300.00,6688,13713267100.00,6653
20031231,0.045505,2513.43700,0.043848,926.342200,0.038908,6691.52400,0.036919,3496.04200,0.050765,1111.92,0.023860,33318.1100,0.017055,9302.65500,0.026827,5508.57700,0.040893,4769.49100,0.026294,4519.89200,0.022937,4344.35900,0.020562,3547.90000,0.025621,4016.46300,0.024987,3442.80000,0.050183,2280.40900,14576736100.00,6690,13932382400.00,6640
20040130,0.023037,2571.33800,0.022013,946.733900,0.065763,7131.57600,0.064746,3722.39900,0.017276,1131.13,0.148283,38258.6200,0.087931,10120.6500,0.097411,6045.17300,0.070258,5104.58800,0.060286,4792.37900,0.057368,4593.58700,0.038761,3685.42000,0.036555,4163.28400,0.031922,3552.70300,0.019263,2324.33800,14907364900.00,6693,14568613800.00,6650
20040227,0.015479,2611.14000,0.013994,959.982100,0.013720,7229.42000,0.012522,3769.00900,0.012209,1144.94,0.006047,38489.9600,-0.002203,10098.3600,0.011203,6112.89600,0.012261,5167.17400,0.007877,4830.12700,0.005422,4618.49100,0.006912,3710.89300,0.010392,4206.55000,0.023336,3635.60800,0.015456,2360.26300,15161074500.00,6697,14889377000.00,6655
20040331,-0.010667,2583.28800,-0.011991,948.471300,0.006293,7274.91800,0.004664,3786.58900,-0.016359,1126.21,0.022871,39370.2700,0.008314,10182.3100,0.006840,6154.71000,0.004998,5192.99900,-0.000124,4829.52700,-0.009378,4575.18000,0.010162,3748.60300,0.010813,4252.03400,0.007181,3661.71400,-0.014633,2325.72500,15031909400.00,6705,15146308500.00,6666
20040430,-0.024214,2520.73700,-0.025560,924.228100,-0.043590,6957.80600,-0.044794,3616.97400,-0.016791,1107.30,-0.019929,38585.6600,-0.024675,9931.06100,-0.049352,5850.96500,-0.057957,4892.02900,-0.051212,4582.19800,-0.056347,4317.38200,-0.058561,3529.08200,-0.056225,4012.96500,-0.045167,3496.32600,-0.018016,2283.82500,14672442000.00,6691,14927180100.00,6657
20040528,0.014058,2556.17500,0.012374,935.664000,0.002593,6975.84600,0.000918,3620.29600,0.012083,1120.68,-0.004595,38408.3600,-0.021591,9716.64200,-0.004550,5824.34200,-0.004156,4871.69900,-0.013600,4519.87900,-0.001165,4312.35200,0.012071,3571.68200,0.018787,4088.35800,0.023521,3578.56200,0.013711,2315.13900,14880898000.00,6691,14662851200.00,6653
20040630,0.021601,2611.39100,0.020039,954.413700,0.022731,7134.41700,0.021000,3696.32300,0.017989,1140.84,0.007442,38694.1900,0.012385,9836.97900,0.007117,5865.79600,0.015012,4944.83200,0.029412,4652.81600,0.036135,4468.18100,0.041382,3719.48600,0.041302,4257.21300,0.028601,3680.91400,0.019136,2359.44100,15182065700.00,6693,14866986400.00,6649
20040730,-0.037670,2513.01900,-0.038765,917.415800,-0.051090,6769.92000,-0.052317,3502.94400,-0.034291,1101.72,-0.071104,35942.8700,-0.043704,9407.06100,-0.050774,5567.96900,-0.044904,4722.78700,-0.059584,4375.58100,-0.061934,4191.44800,-0.054954,3515.08600,-0.054040,4027.15600,-0.049308,3499.41400,-0.034226,2278.68600,14606309100.00,6696,15100079200.00,6640
20040831,0.002728,2519.87400,0.001083,918.409700,-0.004742,6737.82000,-0.006208,3481.19700,0.002287,1104.24,-0.033058,34754.6500,-0.004034,9369.11300,-0.007291,5527.37400,-0.004976,4699.28600,-0.001579,4368.67300,-0.003715,4175.87700,0.000750,3517.72000,-0.005683,4004.26900,0.001878,3505.98700,0.003592,2286.87100,14634555200.00,6691,14591078600.00,6658
20040930,0.020543,2571.63900,0.019085,935.937700,0.041601,7018.11800,0.040010,3620.47800,0.009364,1114.58,0.029094,35765.8200,0.047351,9812.74700,0.032233,5705.53800,0.042411,4898.58500,0.049055,4582.98000,0.043122,4355.95000,0.053922,3707.40200,0.051785,4211.62900,0.036355,3633.44600,0.015327,2321.92100,14915540100.00,6706,14619911400.00,6667
20041029,0.017806,2617.43000,0.016579,951.454400,0.020845,7164.41400,0.019635,3691.56500,0.014014,1130.20,0.020582,36501.9300,0.011933,9929.84200,0.007941,5750.84500,0.020348,4998.26200,0.017726,4664.21700,0.019331,4440.15500,0.018294,3775.22500,0.019929,4295.56200,0.025178,3724.92900,0.016856,2361.05800,15137553000.00,6720,14847049900.00,6666
20041130,0.048208,2743.61100,0.044313,993.616300,0.079935,7737.09900,0.078356,3980.82000,0.038595,1173.82,0.092353,39872.9900,0.068526,10610.2900,0.053386,6057.86000,0.075717,5376.71500,0.092109,5093.83300,0.079033,4791.07200,0.080292,4078.34700,0.081982,4647.71900,0.064466,3965.06100,0.042241,2460.79200,15887333900.00,6718,15109092800.00,6680
20041231,0.035177,2840.12300,0.033422,1026.82500,0.052928,8146.60700,0.050633,4182.38100,0.032458,1211.92,0.078953,43021.0800,0.059889,11245.7300,0.071349,6490.08000,0.052883,5661.05300,0.042668,5311.17600,0.028703,4928.58900,0.031808,4208.07100,0.026926,4772.86300,0.040392,4125.21700,0.034736,2546.27000,16449982100.00,6732,15832067700.00,6679
20050131,-0.026551,2764.71400,-0.027405,998.684500,-0.029282,7908.05800,-0.030146,4056.30100,-0.025290,1181.27,-0.022347,42059.6800,-0.018402,11038.7900,-0.023305,6338.82600,-0.028179,5501.53100,-0.034587,5127.47600,-0.042880,4717.25300,-0.038669,4045.34700,-0.033584,4612.57200,-0.029380,4004.01600,-0.025167,2482.18800,15997883600.00,6719,16426806300.00,6691
20050228,0.022676,2827.40600,0.020839,1019.49600,0.016643,8039.67300,0.015381,4118.69100,0.018903,1203.60,0.007222,42363.4100,0.018871,11247.1100,0.012602,6418.70600,0.008031,5545.71400,0.011188,5184.84200,0.001462,4724.14900,0.021379,4131.83100,0.024848,4727.18500,0.027795,4115.30600,0.022671,2538.46300,16343844600.00,6729,15989007600.00,6686
20050331,-0.016948,2779.48600,-0.018583,1000.55100,-0.031842,7783.67400,-0.033588,3980.35200,-0.019118,1180.59,-0.012705,41825.2000,-0.035639,10846.2600,-0.044464,6133.30200,-0.045182,5295.15000,-0.047426,4938.94500,-0.034158,4562.78300,-0.030652,4005.18200,-0.026532,4601.76300,-0.018210,4040.36600,-0.014916,2500.60100,16068172600.00,6732,16303044600.00,6695
20050429,-0.025185,2709.48500,-0.026569,973.967100,-0.046513,7421.63600,-0.047919,3789.61600,-0.020109,1156.85,-0.052406,39633.3100,-0.049298,10311.5700,-0.032187,5935.89100,-0.046735,5047.68100,-0.051647,4683.86300,-0.050609,4331.86700,-0.055118,3784.42500,-0.046631,4387.17800,-0.039587,3880.41800,-0.020571,2449.16200,15648128300.00,6723,16043472700.00,6690
20050531,0.037954,2812.32100,0.036150,1009.17600,0.043820,7746.85500,0.042220,3949.61500,0.029952,1191.50,0.059588,41994.9900,0.020878,10526.8500,0.031551,6123.17300,0.030839,5203.34700,0.045012,4894.69200,0.054257,4566.90100,0.058591,4006.15600,0.061718,4657.94600,0.051830,4081.53800,0.034366,2533.33100,16203874400.00,6723,15632805600.00,6682
20050630,0.011526,2844.73500,0.009902,1019.16900,0.032139,7995.82900,0.030197,4068.87900,-0.000143,1191.33,-0.027223,40851.7700,0.033509,10879.6000,0.022882,6263.28500,0.041282,5418.15300,0.046296,5121.29700,0.038816,4744.16700,0.039548,4164.59000,0.037736,4833.71700,0.029675,4202.65600,0.006133,2548.86600,16374589800.00,6752,16184106000.00,6688
20050729,0.043335,2968.01200,0.042229,1062.20700,0.058751,8465.59100,0.057705,4303.67200,0.035968,1234.18,0.063677,43453.0800,0.047468,11396.0300,0.064417,6666.74600,0.065323,5772.08100,0.069189,5475.63300,0.055325,5006.63900,0.061534,4420.85400,0.056337,5106.03200,0.054373,4431.16800,0.039985,2650.78200,17059731200.00,6749,16341335500.00,6704
20050831,-0.005944,2950.37100,-0.007761,1053.96300,-0.007216,8404.50700,-0.008587,4266.71600,-0.011222,1220.33,-0.010137,43012.5900,0.004465,11446.9200,-0.001099,6659.42100,-0.004586,5745.61000,-0.014222,5397.76100,-0.013612,4938.48900,-0.013306,4362.03000,-0.007522,5067.62500,-0.007392,4398.41500,-0.005265,2636.82600,16911023000.00,6746,16953365600.00,6692
20050930,0.010607,2981.66600,0.009338,1063.80600,0.010533,8493.03300,0.009016,4305.18700,0.006949,1228.81,0.024880,44082.7600,0.008001,11538.5000,0.024165,6820.34600,0.021808,5870.91100,0.010565,5454.78600,0.001181,4944.32100,0.010697,4408.69000,0.005909,5097.57200,0.010124,4442.94500,0.010946,2665.68800,17074795500.00,6744,16891555800.00,6707
20051031,-0.020873,2919.42900,-0.021981,1040.42200,-0.033876,8205.32400,-0.035031,4154.37000,-0.017741,1207.01,-0.033761,42594.4700,-0.042932,11043.1300,-0.035924,6575.33200,-0.028922,5701.11200,-0.035331,5262.06500,-0.031432,4788.91200,-0.034257,4257.66100,-0.030908,4940.01500,-0.036047,4282.79200,-0.017489,2619.06700,16694720500.00,6739,16985802000.00,6692
20051130,0.040322,3037.14800,0.038070,1080.03100,0.034319,8486.92200,0.032775,4290.53000,0.035186,1249.48,0.027082,43748.0100,0.025082,11320.1100,0.023998,6733.12600,0.029882,5871.47200,0.035586,5449.32000,0.043147,4995.54000,0.041824,4435.73200,0.048654,5180.36600,0.043008,4466.98600,0.039714,2723.08100,17351993100.00,6746,16656463000.00,6698
20051230,0.003457,3047.64700,0.001886,1082.06800,0.013484,8601.36300,0.011157,4338.39800,-0.000952,1248.29,0.008669,44127.2500,0.031442,11676.0400,0.025534,6905.04700,0.008188,5919.54500,0.015489,5533.72700,0.006242,5026.72400,0.008914,4475.27200,0.000143,5181.10600,0.008668,4505.70500,0.002442,2729.72900,17370449200.00,6748,17302366300.00,6695
20060131,0.040041,3169.67700,0.038935,1124.19800,0.076354,9258.10900,0.075150,4664.42800,0.025467,1280.08,0.096145,48369.8800,0.069947,12492.7400,0.068612,7378.81600,0.077897,6380.66100,0.086083,6010.08900,0.085036,5454.17400,0.080326,4834.75300,0.084273,5617.73500,0.059136,4772.15500,0.032544,2818.56600,17993719500.00,6723,17301317700.00,6700
20060228,-0.001639,3164.48300,-0.003553,1120.20400,0.004836,9302.88600,0.003476,4680.63900,0.000453,1280.66,0.009457,48827.3100,0.019481,12736.1200,0.006008,7423.14800,0.008444,6434.54200,0.007702,6056.37700,-0.000092,5453.67000,-0.001978,4825.19100,-0.006421,5581.66400,0.000680,4775.39800,-0.001933,2813.11800,17982769300.00,6720,17962823500.00,6681
20060331,0.019042,3224.74100,0.017575,1139.89100,0.036978,9646.89100,0.035232,4845.54700,0.011065,1294.83,0.043975,50974.5100,0.046116,13323.4500,0.039242,7714.44800,0.040008,6691.97700,0.036101,6275.01600,0.033815,5638.08600,0.043562,5035.38500,0.041323,5812.31300,0.031767,4927.09800,0.014710,2854.49900,18301976800.00,6727,17939582100.00,6688
20060428,0.012962,3266.54200,0.011491,1152.99000,0.009761,9741.05300,0.008465,4886.56500,0.012187,1310.61,0.017392,51861.0800,0.008380,13435.1000,0.006489,7764.50900,0.014014,6785.76000,-0.004812,6244.82000,0.002266,5650.86400,0.000669,5038.75300,0.013509,5890.83000,0.005176,4952.59900,0.014723,2896.52600,18439022800.00,6724,18186226100.00,6685
20060531,-0.031036,3165.16100,-0.033015,1114.92400,-0.044331,9309.22500,-0.045983,4661.86400,-0.030917,1270.09,-0.063432,48571.4500,-0.049433,12770.9700,-0.041458,7442.60900,-0.042134,6499.84600,-0.051401,5923.83200,-0.053229,5350.07400,-0.050711,4783.23300,-0.050702,5592.15300,-0.040067,4754.16200,-0.027268,2817.54300,17848163800.00,6732,18379969600.00,6680
20060630,-0.000372,3163.98400,-0.001867,1112.84200,-0.008440,9230.65700,-0.010438,4613.20400,0.000087,1270.20,-0.006215,48269.5700,-0.016327,12562.4600,-0.016819,7317.42900,-0.008841,6442.38400,-0.009310,5868.67800,-0.007974,5307.41300,-0.005158,4758.56200,-0.001325,5584.74100,0.000392,4756.02300,0.000193,2818.08900,17821751500.00,6786,17808109500.00,6700
20060731,-0.001869,3158.07200,-0.002912,1109.60100,-0.022651,9021.57000,-0.023706,4503.84200,0.005086,1276.66,-0.035371,46562.2300,-0.025981,12236.0800,-0.018942,7178.82200,-0.029980,6249.24000,-0.026144,5715.24900,-0.023243,5184.05100,-0.019432,4666.09500,-0.033349,5398.49500,-0.023006,4646.60400,0.004086,2829.60300,17758888200.00,6777,17797896800.00,6745
20060831,0.025062,3237.22100,0.022989,1135.10900,0.025128,9248.26200,0.023677,4610.48000,0.021274,1303.82,-0.006852,46243.1700,0.010521,12364.8200,0.008459,7239.54500,0.022647,6390.76400,0.033315,5905.65500,0.030399,5341.64300,0.031129,4811.34400,0.028547,5552.60600,0.025681,4765.93500,0.024599,2899.20900,18096865300.00,6778,17704603600.00,6751
20060929,0.019443,3300.16200,0.018124,1155.68200,0.009016,9331.64600,0.007441,4644.78900,0.024566,1335.85,0.006277,46533.4300,0.006919,12450.3700,0.006374,7285.69200,0.009036,6448.51000,0.007377,5949.22400,-0.001104,5335.74400,0.005371,4837.18700,0.007370,5593.53100,0.011115,4818.90800,0.022248,2963.70900,18416052600.00,6802,18086532700.00,6747
20061031,0.037106,3422.61600,0.036057,1197.35200,0.046300,9763.70400,0.045271,4855.06200,0.031508,1377.94,0.038631,48331.0400,0.029864,12822.1900,0.037901,7561.82900,0.046361,6747.46900,0.053577,6267.96500,0.052544,5616.10600,0.052715,5092.18100,0.054954,5900.92000,0.042809,5025.20200,0.034449,3065.80500,19018283000.00,6806,18314242700.00,6737
20061130,0.023721,3503.80400,0.021351,1222.91600,0.031255,10068.8700,0.029586,4998.70300,0.016467,1400.63,0.038613,50197.2500,0.017966,13052.5600,0.027157,7767.18800,0.029378,6945.69600,0.033345,6476.96900,0.020644,5732.04700,0.030582,5247.91000,0.033099,6096.23500,0.038443,5218.38400,0.021141,3130.61900,19400982100.00,6817,18918744700.00,6754
20061229,0.010849,3541.81600,0.009160,1234.11900,0.014752,10217.4000,0.012558,5061.47700,0.012616,1418.30,0.015178,50959.1500,0.019608,13308.4900,0.025669,7966.56600,0.017321,7066.00200,0.022465,6622.47600,0.008383,5780.10000,0.013154,5316.94200,0.000490,6099.22000,0.002759,5232.78300,0.012080,3168.43800,19544427400.00,6820,19328086500.00,6764
20070131,0.019395,3610.51100,0.018457,1256.89700,0.022341,10445.6800,0.021411,5169.84800,0.014059,1438.24,0.039608,52977.5600,0.035997,13787.5500,0.019506,8121.96400,0.016113,7179.85800,0.005658,6659.94800,0.009575,5835.44400,0.014301,5392.97800,0.016946,6202.58000,0.034444,5413.02100,0.018280,3226.35800,19869688700.00,6821,19413567600.00,6761
20070228,-0.014004,3559.94900,-0.016002,1236.78400,0.002149,10468.1300,0.000891,5174.45400,-0.021846,1406.82,0.015800,53814.5900,0.014800,13991.6100,0.006064,8171.21700,0.004426,7211.63600,-0.007154,6612.30200,-0.000387,5833.18500,-0.006505,5357.89700,-0.006625,6161.48900,0.006844,5450.06900,-0.017522,3169.82700,19525500600.00,6860,19817088600.00,6780
20070330,0.012952,3606.05600,0.011481,1250.98400,0.006576,10536.9700,0.004835,5199.47100,0.009980,1420.86,0.005376,54103.8800,-0.000349,13986.7200,0.002625,8192.66400,-0.000291,7209.54100,0.010585,6682.29300,0.011053,5897.65900,0.010445,5413.86000,0.010696,6227.39200,0.014044,5526.60800,0.013245,3211.81200,19779923000.00,6883,19446182300.00,6820
20070430,0.039846,3749.74200,0.038475,1299.11500,0.026955,10820.9900,0.025673,5332.95700,0.043291,1482.37,0.034957,55995.2100,0.022811,14305.7700,0.025527,8401.79800,0.029461,7421.94000,0.021248,6824.27600,0.014357,5982.33300,0.020629,5525.54300,0.025423,6385.70800,0.036894,5730.51000,0.042326,3347.75500,20507636100.00,6887,19714024000.00,6828
20070531,0.038915,3895.66500,0.036619,1346.68700,0.023034,11070.2400,0.021266,5446.36600,0.032549,1530.62,0.009410,56522.1200,-0.010466,14156.0400,0.002531,8423.06600,0.020288,7572.51600,0.024603,6992.17200,0.025136,6132.70400,0.033928,5713.01200,0.037826,6627.25500,0.047528,6002.86800,0.038919,3478.04700,21224347500.00,6918,20469073500.00,6836
20070629,-0.014735,3838.26200,-0.016093,1325.01500,-0.007857,10983.2600,-0.009806,5392.96000,-0.017816,1503.35,0.005695,56844.0100,-0.002957,14114.1800,-0.007639,8358.72400,-0.005441,7531.31600,-0.015958,6880.59100,-0.002493,6117.41700,-0.005711,5680.38700,-0.017925,6508.46400,-0.012408,5928.38300,-0.015435,3424.36500,20864435700.00,6916,21181501700.00,6851
20070731,-0.031731,3716.47000,-0.032738,1281.63700,-0.043616,10504.2200,-0.044727,5151.74700,-0.031982,1455.27,-0.005993,56503.3400,-0.028343,13714.1500,-0.029171,8114.88700,-0.037338,7250.11300,-0.056444,6492.22000,-0.058759,5757.96100,-0.060767,5335.20500,-0.054645,6152.81200,-0.044095,5666.97300,-0.027509,3330.16400,20120251700.00,6917,20785456800.00,6866
20070831,0.011625,3759.67600,0.009668,1294.02900,-0.011759,10380.7000,-0.013342,5083.01400,0.012864,1473.99,-0.029685,54826.0400,-0.041951,13138.8300,-0.037244,7812.65500,-0.029865,7033.58700,-0.008916,6434.33400,0.010819,5820.25600,0.008108,5378.46500,0.010650,6218.34100,-0.002237,5654.29300,0.014262,3377.65700,20272992400.00,6908,20054922600.00,6857
20070928,0.040895,3913.42800,0.039387,1344.99600,0.025301,10643.3400,0.023609,5203.01700,0.035794,1526.75,0.022413,56054.8800,0.023575,13448.5800,0.026525,8019.88500,0.036518,7290.44200,0.030745,6632.16100,0.020023,5936.79500,0.022282,5498.30700,0.023002,6361.37500,0.033456,5843.46400,0.043777,3525.52000,21015172500.00,6889,20208417100.00,6862
20071031,0.025809,4014.42900,0.024666,1378.17200,0.017265,10827.1000,0.015990,5286.21200,0.014822,1549.38,0.024101,57405.8400,0.011610,13604.7100,0.016517,8152.34600,0.020568,7440.39200,0.026709,6809.29900,0.017748,6042.16000,0.035733,5694.77700,0.032695,6569.36300,0.030941,6024.26400,0.024847,3613.12000,21403766900.00,6851,20876233800.00,6782
20071130,-0.049380,3816.19600,-0.051334,1307.42500,-0.077085,9992.48700,-0.078606,4870.68500,-0.044043,1481.14,-0.062068,53842.7800,-0.082079,12488.0600,-0.069222,7588.02700,-0.086030,6800.29200,-0.092037,6182.59400,-0.078785,5566.12600,-0.077763,5251.93600,-0.066807,6130.48500,-0.056670,5682.87000,-0.045520,3448.65100,20187885300.00,6855,21269271000.00,6791
20071231,-0.004306,3799.76300,-0.006241,1299.26500,-0.010871,9883.85800,-0.013967,4802.65600,-0.008628,1468.36,-0.008234,53399.4200,-0.014810,12303.1100,-0.015526,7470.21600,-0.006874,6753.54700,0.008750,6236.69200,0.004033,5588.57400,-0.002950,5236.44100,0.005343,6163.24100,-0.005395,5652.21300,-0.004870,3431.85600,19845007900.00,6746,19910428400.00,6698
20080131,-0.062275,3563.13400,-0.063399,1216.89300,-0.044572,9443.31900,-0.045704,4583.15400,-0.061163,1378.55,-0.016918,52495.9900,-0.018952,12069.9300,-0.036936,7194.29500,-0.037493,6500.33900,-0.045726,5951.51200,-0.053880,5287.46400,-0.054882,4949.05500,-0.056665,5813.99900,-0.051018,5363.84600,-0.064537,3210.37600,18548979900.00,6746,19802877300.00,6715
20080229,-0.021968,3484.85800,-0.023936,1187.76500,-0.021883,9236.67400,-0.023439,4475.73100,-0.034761,1330.63,0.004664,52740.8200,-0.019223,11837.9200,-0.021941,7036.44200,-0.031124,6298.02200,-0.038437,5722.75600,-0.041245,5069.38400,-0.036318,4769.31700,-0.032993,5622.17700,-0.024006,5235.08300,-0.020380,3144.94900,18028730700.00,6722,18521421900.00,6692
20080331,-0.010376,3448.69800,-0.012113,1173.37800,-0.025961,8996.88400,-0.028233,4349.36900,-0.005960,1322.70,-0.056680,49751.4800,-0.050240,11243.1800,-0.038017,6768.93500,-0.027683,6123.67400,-0.013481,5645.61000,-0.013900,4998.91900,-0.007088,4735.51200,-0.014717,5539.43300,-0.018038,5140.65200,-0.009030,3116.55100,17837587700.00,6693,18006102900.00,6670
20080430,0.051080,3624.85700,0.049739,1231.74100,0.031214,9277.71000,0.029759,4478.80000,0.047547,1385.59,-0.007637,49371.5400,0.008252,11335.9600,0.001341,6778.01000,0.011975,6197.00400,0.026710,5796.40300,0.033429,5166.02500,0.027059,4863.65100,0.036736,5742.93000,0.062071,5459.73500,0.052198,3279.23000,18700550000.00,6679,17812078900.00,6651
20080530,0.023862,3711.35400,0.021513,1258.23900,0.032185,9576.31200,0.030105,4613.63300,0.010674,1400.38,0.026793,50694.3600,0.022987,11596.5400,0.015163,6880.78700,0.025733,6356.47100,0.023540,5932.85000,0.045819,5402.72700,0.039030,5053.47800,0.041738,5982.62500,0.048865,5726.52400,0.019624,3343.58100,19089647600.00,6668,18681165200.00,6634
20080630,-0.078596,3419.65700,-0.080321,1157.17700,-0.087057,8742.62300,-0.089075,4202.67500,-0.085962,1280.00,-0.044123,48457.6000,-0.060470,10895.2900,-0.067415,6416.91800,-0.071865,5899.66500,-0.084449,5431.82700,-0.089379,4919.83400,-0.080668,4645.82300,-0.079191,5508.85300,-0.074010,5302.70300,-0.078948,3079.61300,17581374300.00,6664,19061396900.00,6632
20080731,-0.013212,3374.47700,-0.014564,1140.32400,-0.001056,8733.38900,-0.002449,4192.38300,-0.009859,1267.38,-0.045806,46237.9300,-0.056278,10282.1200,-0.022828,6270.43200,-0.005695,5866.06900,0.024208,5563.32200,0.021772,5026.94800,0.007738,4681.77300,0.004157,5531.75100,-0.011290,5242.83500,-0.015575,3031.64800,17321844900.00,6653,17541692100.00,6620
20080829,0.011123,3412.01300,0.009108,1150.71000,0.014172,8857.15400,0.012205,4243.55300,0.012191,1282.83,-0.008261,45855.9800,-0.004287,10238.0500,0.014815,6363.32600,-0.000159,5865.13900,0.004765,5589.83300,0.021278,5133.91200,0.017566,4764.01300,0.028110,5687.25000,0.022099,5358.69500,0.008886,3058.58600,17475495000.00,6629,17289413200.00,6613
20080930,-0.098123,3077.21600,-0.099901,1035.75400,-0.120860,7786.67800,-0.122953,3721.79600,-0.090791,1166.36,-0.125912,40082.1800,-0.138533,8819.74000,-0.128237,5547.31400,-0.121889,5150.24300,-0.099089,5035.93900,-0.100613,4617.37500,-0.096444,4304.55400,-0.103223,5100.19300,-0.120629,4712.28000,-0.094957,2768.15300,15700214500.00,6570,17384232200.00,6551
20081031,-0.184674,2508.93400,-0.186183,842.914400,-0.205995,6182.66400,-0.207672,2948.88200,-0.169425,968.75,-0.148391,34134.3300,-0.153272,7467.92400,-0.156722,4677.93000,-0.175743,4245.12400,-0.204519,4005.99300,-0.201876,3685.23700,-0.206550,3415.44900,-0.213811,4009.71800,-0.209501,3725.05100,-0.179707,2270.69800,12728320200.00,6470,15650293800.00,6461
20081128,-0.085333,2294.83900,-0.088138,768.621500,-0.136592,5338.16400,-0.139059,2538.81500,-0.074849,896.24,-0.147508,29099.2400,-0.128359,6509.35200,-0.143202,4008.04200,-0.129201,3696.65000,-0.140228,3444.24000,-0.119617,3244.42100,-0.120663,3003.33200,-0.121567,3522.26900,-0.108952,3319.20100,-0.078841,2091.67300,11475905700.00,6112,12562031900.00,6106
20081231,0.021549,2344.29100,0.018721,783.010500,0.043106,5568.27200,0.038745,2637.18200,0.007822,903.25,-0.015550,28646.7400,-0.032574,6297.31700,0.007341,4037.46400,0.020946,3774.08100,0.052656,3625.59900,0.046146,3394.13900,0.058683,3179.57600,0.061695,3739.57600,0.053217,3495.83800,0.015252,2123.57500,11704199100.00,6067,11447551300.00,6058
20090130,-0.077467,2162.68600,-0.078908,721.225100,-0.019053,5462.18100,-0.020517,2583.07600,-0.085657,825.88,0.128235,32320.2600,0.064856,6705.73500,0.028633,4153.06800,-0.002168,3765.90000,-0.052849,3433.98900,-0.061573,3185.15200,-0.072707,2948.39800,-0.088018,3410.42500,-0.067134,3261.14900,-0.079495,1954.76200,10765582300.00,6028,11652128000.00,6021
20090227,-0.101177,1943.87200,-0.104486,645.867400,-0.111723,4851.93000,-0.114022,2288.54700,-0.109931,735.09,-0.115554,28585.5300,-0.103096,6014.39900,-0.106963,3708.84300,-0.110001,3351.64800,-0.115910,3035.95700,-0.124110,2789.84200,-0.106703,2633.79500,-0.121725,2995.29200,-0.101852,2928.99400,-0.099539,1760.18800,9538865960.00,5993,10664968000.00,5985
20090331,0.087722,2114.39100,0.084493,700.438700,0.113320,5401.75000,0.110198,2540.74000,0.085405,797.87,0.137318,32510.8400,0.103009,6633.93300,0.076346,3991.99600,0.081879,3626.07600,0.088760,3305.42700,0.089766,3040.27600,0.095483,2885.27900,0.104354,3307.86300,0.089282,3190.50000,0.086607,1912.63200,10250104000.00,5954,9446505000.00,5947
20090430,0.110522,2348.07900,0.108698,776.575000,0.204160,6504.57100,0.202248,3054.60100,0.093925,872.81,0.190140,38692.4600,0.213285,8048.85400,0.172836,4681.95600,0.191197,4319.37300,0.190043,3933.60100,0.182106,3593.92700,0.200681,3464.30100,0.190903,3939.34300,0.155657,3687.12300,0.097287,2098.70500,11366508300.00,5916,10230868400.00,5904
20090529,0.067312,2506.13400,0.064572,826.720000,0.106596,7197.93100,0.104276,3373.12100,0.053081,919.14,0.191250,46092.4100,0.215122,9780.34000,0.117841,5233.68300,0.110567,4796.95100,0.097294,4316.31700,0.081217,3885.81400,0.065671,3691.80600,0.048247,4129.40400,0.048042,3864.26000,0.069358,2244.26700,12153349800.00,5885,11365783000.00,5876
20090630,-0.002763,2499.20900,-0.004566,822.945000,0.027260,7394.14700,0.024949,3457.27800,0.000196,919.32,0.062379,48967.6100,0.059016,10357.5300,0.033216,5407.52500,0.027801,4930.31000,0.026996,4432.84200,0.025669,3985.55700,0.006012,3714.00200,0.011343,4176.24600,-0.001265,3859.37100,-0.005005,2233.03400,12151008800.00,5852,12148229800.00,5834
20090731,0.082506,2705.40800,0.081064,889.655900,0.088173,8046.11100,0.086596,3756.66600,0.074142,987.48,0.079201,52845.8800,0.053732,10914.0700,0.108765,5995.67400,0.108462,5465.06100,0.099638,4874.52000,0.100526,4386.20800,0.102136,4093.33400,0.098132,4586.07000,0.095882,4229.41700,0.079042,2409.53800,13159462300.00,5832,12138233800.00,5817
20090831,0.031950,2791.84700,0.029718,916.095100,0.061285,8539.22000,0.059579,3980.48500,0.033560,1020.62,0.124060,59401.9600,0.081756,11806.3700,0.053944,6319.10500,0.060777,5797.20900,0.029893,5020.23400,0.033476,4533.04200,0.036920,4244.45800,0.040247,4770.64300,0.043077,4411.60900,0.029673,2481.03600,13606595500.00,5811,13135014400.00,5797
20090930,0.045220,2918.09300,0.043630,956.064500,0.075475,9183.71400,0.073626,4273.55400,0.035723,1057.08,0.124134,66775.7700,0.057354,12483.5100,0.068501,6751.97000,0.085738,6294.24800,0.084244,5443.16000,0.073470,4866.08400,0.079313,4581.09800,0.063615,5074.12900,0.064853,4697.71500,0.039740,2579.63400,14297472600.00,5805,13597171600.00,5781
20091030,-0.028379,2835.28000,-0.029667,927.701400,-0.053908,8688.63400,-0.055126,4037.96800,-0.019762,1036.19,-0.077377,61608.8800,-0.074704,11550.9400,-0.081920,6198.85100,-0.069181,5858.80600,-0.071149,5055.88600,-0.072992,4510.90000,-0.070766,4256.91200,-0.059178,4773.85500,-0.039991,4509.84900,-0.022310,2522.08300,13843785500.00,5793,14210146800.00,5762
20091130,0.057398,2998.01900,0.054853,978.588900,0.027817,8930.32200,0.025614,4141.39700,0.057364,1095.63,0.025928,63206.2700,0.013543,11707.3700,0.026675,6364.20300,0.022219,5988.98100,0.036447,5240.15600,0.035395,4670.56100,0.044861,4447.88200,0.040658,4967.95300,0.054066,4753.67700,0.060009,2673.43000,14605864800.00,5791,13773286900.00,5751
20091231,0.029163,3085.44900,0.027360,1005.36300,0.059352,9460.35300,0.056666,4376.07400,0.017771,1115.10,0.075808,67997.7900,0.042225,12201.7200,0.059124,6740.48000,0.076572,6447.56800,0.063957,5575.30000,0.083226,5059.27500,0.082150,4813.27400,0.070003,5315.72600,0.068073,5077.27200,0.019344,2725.14500,15047299100.00,5769,14582246700.00,5744
20100129,-0.037104,2970.96600,-0.038167,966.991200,-0.009022,9374.99900,-0.010034,4332.16300,-0.036974,1073.87,0.060864,72136.4200,0.026398,12523.8200,0.003071,6761.18100,-0.016225,6342.95500,-0.027269,5423.26600,-0.024102,4937.33400,-0.024257,4696.51900,-0.031683,5147.30600,-0.031050,4919.62500,-0.039177,2618.38100,14482499200.00,5761,15028218100.00,5736
20100226,0.035359,3076.01500,0.033197,999.092000,0.035837,9710.97200,0.034322,4480.85000,0.028514,1104.49,0.012284,73022.5500,0.018742,12758.5400,0.029763,6962.41100,0.041791,6608.03200,0.051628,5703.26000,0.042652,5147.92300,0.032805,4850.58800,0.046456,5386.42700,0.047642,5154.00500,0.033142,2705.16000,14961127800.00,5744,14435540600.00,5723
20100331,0.064429,3274.19800,0.062764,1061.79900,0.073026,10420.1300,0.070930,4798.67400,0.058796,1169.43,0.083827,79143.7800,0.073283,13693.5200,0.074627,7481.99200,0.067792,7056.00500,0.072225,6115.17700,0.073385,5525.70600,0.077684,5227.40300,0.079950,5817.07100,0.070958,5519.72000,0.062131,2873.23600,15953459200.00,5732,14935991800.00,5707
20100430,0.020294,3340.64600,0.019153,1082.13600,0.064494,11092.1700,0.063237,5102.12800,0.014759,1186.69,0.076091,85165.8800,0.081593,14810.8200,0.085330,8120.42700,0.075797,7590.83200,0.063373,6502.71100,0.060016,5857.33600,0.051877,5498.58500,0.055009,6137.05900,0.038572,5732.62800,0.013457,2911.90000,16276851100.00,5744,15934398400.00,5704
20100528,-0.079921,3073.65800,-0.082085,993.308700,-0.079422,10211.2100,-0.081090,4688.39500,-0.081976,1089.41,-0.089073,77579.9400,-0.081574,13602.6300,-0.090837,7382.79000,-0.080516,6979.64600,-0.084822,5951.14000,-0.074213,5422.64300,-0.077403,5072.97700,-0.079103,5651.60100,-0.075377,5300.52100,-0.080599,2677.20300,14953013200.00,5739,16269749600.00,5715
20100630,-0.051992,2913.85300,-0.053610,940.057800,-0.060881,9589.54700,-0.062722,4394.32800,-0.053882,1030.71,-0.068393,72274.0300,-0.066709,12695.2200,-0.078134,6805.94600,-0.076452,6446.03700,-0.066396,5556.00800,-0.054405,5127.62400,-0.062778,4754.50300,-0.066932,5273.32600,-0.058608,4989.86700,-0.049461,2544.78500,14103000400.00,5741,14860411300.00,5702
20100730,0.071139,3121.14000,0.069397,1005.29500,0.060464,10169.3700,0.059093,4654.00300,0.068778,1101.60,0.035229,74820.1600,0.028099,13051.9500,0.051764,7158.25000,0.060675,6837.14700,0.067304,5929.94800,0.061946,5445.25900,0.066972,5072.92200,0.066383,5623.38500,0.073160,5354.92700,0.071750,2727.37200,15067981200.00,5721,14073143200.00,5691
20100831,-0.043866,2984.22900,-0.046072,958.978400,-0.051213,9648.56100,-0.052909,4407.76700,-0.047449,1049.33,-0.038942,71906.5300,-0.048291,12421.6600,-0.060908,6722.25900,-0.059117,6432.95300,-0.079590,5457.98300,-0.064166,5095.85800,-0.050480,4816.84200,-0.057667,5299.10200,-0.045475,5111.41000,-0.041772,2613.44500,14361832900.00,5713,15043223200.00,5691
20100930,0.092498,3260.26500,0.090651,1045.91000,0.100289,10616.2000,0.098354,4841.28900,0.087551,1141.20,0.052508,75682.1800,0.051871,13065.9800,0.097225,7375.83100,0.105520,7111.75500,0.106229,6037.77700,0.095642,5583.23800,0.113920,5365.57700,0.117460,5921.53500,0.105027,5648.24400,0.088710,2845.28500,15664131000.00,5711,14352458900.00,5687
20101029,0.038922,3387.16100,0.037343,1084.96800,0.043039,11073.1100,0.041713,5043.23100,0.036856,1183.26,0.042907,78929.4800,0.003748,13114.9600,0.040387,7673.71500,0.047093,7446.66900,0.054363,6366.00800,0.043906,5828.37400,0.042999,5596.29200,0.034826,6127.75500,0.038546,5865.95900,0.038836,2955.78300,16269493400.00,5709,15635788100.00,5679
20101130,0.005624,3406.21100,0.003333,1088.58400,0.013534,11222.9700,0.011549,5101.47500,-0.002290,1180.55,-0.004427,78580.0500,-0.082377,12034.5900,0.021433,7838.18500,0.017087,7573.91100,0.036196,6596.43200,0.033082,6021.18600,0.026242,5743.14900,0.031654,6321.72300,0.023481,6003.69700,0.000482,2957.20800,16436062900.00,5712,16239267300.00,5674
20101231,0.067903,3637.50400,0.065841,1160.25700,0.072268,12034.0300,0.069339,5455.20400,0.065300,1257.64,0.072852,84304.7300,0.071411,12893.9900,0.083775,8494.82900,0.076116,8150.40900,0.073466,7081.04300,0.069347,6438.73400,0.075143,6174.70500,0.071895,6776.22300,0.073427,6444.53300,0.066497,3153.85300,17529578000.00,5699,16415043100.00,5662
20110131,0.020181,3710.91200,0.019178,1182.50800,0.015515,12220.7400,0.014613,5534.92100,0.022646,1286.12,0.072015,90375.9200,0.040420,13415.1600,0.000852,8502.06800,-0.009524,8072.78000,-0.013616,6984.63100,-0.013015,6354.93200,-0.000810,6169.70300,0.007300,6825.68700,0.021883,6585.55600,0.022562,3225.00900,17934687600.00,5698,17518331400.00,5673
20110228,0.038654,3854.35500,0.036643,1225.83900,0.039446,12702.8000,0.037983,5745.15200,0.031957,1327.22,0.045374,94476.6200,0.028101,13792.1400,0.036896,8815.76200,0.035891,8362.51700,0.041229,7272.60100,0.045383,6643.33800,0.048287,6467.61700,0.049320,7162.33200,0.051790,6926.61900,0.035942,3340.92200,18598976100.00,5704,17920141100.00,5675
20110331,0.002880,3865.45500,0.001324,1227.46200,0.008717,12813.5200,0.006848,5784.49500,-0.001047,1325.83,-0.013105,93238.5200,-0.009882,13655.8400,-0.018260,8654.78900,0.018253,8515.15500,0.007288,7325.60600,0.021489,6786.09500,0.019539,6593.98600,0.022564,7323.94400,0.025396,7102.52800,-0.002113,3333.86100,18653322100.00,5681,18574915700.00,5666
20110429,0.028218,3974.53200,0.027075,1260.69500,0.017894,13042.8100,0.016699,5881.08800,0.028495,1363.61,0.001161,93346.8000,-0.001924,13629.5700,0.009442,8736.51100,0.014448,8638.18400,0.011110,7406.99600,0.016477,6897.91100,0.030179,6792.98300,0.028203,7530.50100,0.033928,7343.50200,0.028041,3427.34400,19108164000.00,5667,18558935500.00,5637
20110531,-0.014620,3916.42500,-0.016709,1239.63100,-0.018984,12795.2100,-0.020826,5758.60800,-0.013501,1345.20,-0.024208,91087.0200,-0.034273,13162.4500,-0.010727,8642.79200,-0.018430,8478.98000,-0.014487,7299.68900,-0.009464,6832.63300,-0.022356,6641.11600,-0.014335,7422.55000,-0.012797,7249.52700,-0.014678,3377.03900,18784085400.00,5673,19073909400.00,5639
20110630,-0.018467,3844.09900,-0.020082,1214.73600,-0.025790,12465.2300,-0.027663,5599.30700,-0.018258,1320.64,-0.011643,90026.4500,-0.029958,12768.1300,-0.025218,8424.84200,-0.018161,8324.99100,-0.028295,7093.14200,-0.029462,6631.33200,-0.019020,6514.80200,-0.019100,7280.77800,-0.020823,7098.56700,-0.017729,3317.16800,18380346800.00,5647,18730773400.00,5626
20110729,-0.023569,3753.49600,-0.024727,1184.69900,-0.023699,12169.8100,-0.024826,5460.30000,-0.021474,1292.28,-0.011628,88979.6200,-0.012051,12614.2600,-0.020874,8248.98100,-0.024317,8122.55200,-0.031876,6867.03800,-0.029674,6434.55500,-0.030188,6318.13000,-0.042614,6970.51400,-0.030833,6879.69500,-0.021023,3247.43300,17918157500.00,5642,18346240900.00,5615
20110831,-0.058529,3533.80900,-0.060760,1112.71600,-0.080351,11191.9600,-0.082186,5011.53900,-0.056791,1218.89,-0.077509,82082.8700,-0.072595,11698.5300,-0.084760,7549.79700,-0.085965,7424.29600,-0.082612,6299.74200,-0.084220,5892.63800,-0.084734,5782.77100,-0.071090,6474.97900,-0.072200,6382.98400,-0.053985,3072.11900,16802331700.00,5646,17900629100.00,5625
20110930,-0.084241,3236.11800,-0.085888,1017.14700,-0.105251,10014.0000,-0.107216,4474.22000,-0.071762,1131.42,-0.113614,72757.1000,-0.082994,10727.6200,-0.078982,6953.49800,-0.096703,6706.34700,-0.096940,5689.04500,-0.102920,5286.17000,-0.108625,5154.61700,-0.106787,5783.53500,-0.106990,5700.07200,-0.078552,2830.79700,15324369900.00,5640,16769494600.00,5623
20111031,0.115325,3609.32300,0.113862,1132.96100,0.112389,11139.4500,0.111140,4971.48500,0.107723,1253.30,0.037968,75519.5500,0.047310,11235.1400,0.074404,7470.86700,0.100804,7382.37000,0.117023,6354.79400,0.129060,5968.40400,0.147297,5913.87400,0.134593,6561.95600,0.134420,6466.27200,0.110997,3145.00600,17031789000.00,5623,15304362600.00,5608
20111130,-0.006109,3587.27400,-0.008902,1122.87500,-0.021163,10903.7100,-0.023275,4855.77500,-0.005059,1246.96,-0.060059,70983.9200,-0.015369,11062.4800,-0.026299,7274.39100,-0.007027,7330.49300,-0.004383,6326.93900,-0.011822,5897.84700,-0.014331,5829.12200,-0.008254,6507.79200,-0.003615,6442.90000,-0.005840,3126.64000,16837009800.00,5612,17009983300.00,5586
20111230,0.004885,3604.79600,0.002933,1126.16900,-0.002325,10878.3600,-0.005145,4830.79200,0.008533,1257.60,-0.007858,70426.1600,0.006509,11134.4800,-0.001292,7264.99000,0.020396,7480.00600,0.012907,6408.60000,0.006910,5938.60200,0.000716,5833.29400,0.003332,6529.47700,0.000392,6445.42900,0.005499,3143.83400,16882876900.00,5603,16815900000.00,5582
20120131,0.053922,3799.17300,0.052710,1185.52900,0.092238,11881.7500,0.091174,5271.23700,0.043583,1312.41,0.146033,80710.6800,0.107259,12328.7500,0.084880,7881.64300,0.085143,8116.87300,0.084723,6951.55500,0.086044,6449.58200,0.081768,6310.27100,0.075841,7024.68000,0.068025,6883.87900,0.048735,3297.04800,17764292300.00,5587,16862263400.00,5570
20120229,0.042051,3958.93200,0.039670,1232.55900,0.038138,12334.8900,0.036418,5463.20800,0.040589,1365.68,0.061077,85640.2400,0.066558,13149.3200,0.042819,8219.12400,0.014481,8234.41700,0.012754,7040.21200,0.015747,6551.14200,0.032663,6516.38100,0.036739,7282.76200,0.045707,7198.51800,0.043051,3438.98900,18446704100.00,5594,17744488900.00,5560
20120330,0.025270,4058.97600,0.023412,1261.41600,0.021323,12597.9100,0.018877,5566.33800,0.031332,1408.47,0.043237,89343.1000,0.040575,13682.8500,0.028284,8451.59600,0.022852,8422.58600,0.028283,7239.32700,0.012982,6636.19200,0.018890,6639.47900,0.023733,7455.60400,0.010913,7277.07300,0.027614,3533.95500,18918353600.00,5606,18427534700.00,5575
20120430,-0.006819,4031.29700,-0.008079,1251.22500,-0.009300,12480.7500,-0.010582,5507.43500,-0.007497,1397.91,0.015100,90692.2000,-0.017449,13444.1100,-0.010212,8365.29100,-0.016554,8283.16000,-0.016203,7122.02900,-0.007623,6585.60600,-0.020259,6504.97100,-0.004715,7420.45400,-0.009618,7207.08000,-0.005978,3512.82800,18775317000.00,5602,18875270800.00,5577
20120531,-0.065829,3765.92100,-0.068350,1165.70500,-0.071035,11594.1700,-0.073331,5103.57000,-0.062651,1310.33,-0.075575,83838.1600,-0.057251,12674.4200,-0.062354,7843.68200,-0.062109,7768.70500,-0.064547,6662.32400,-0.069106,6130.49900,-0.075216,6015.69000,-0.072355,6883.54900,-0.079457,6634.42700,-0.063378,3290.19200,17479536200.00,5602,18729230400.00,5575
20120629,0.038485,3910.85400,0.036579,1208.34500,0.035616,12007.1200,0.033499,5274.53400,0.039555,1362.16,0.007953,84504.9500,0.017408,12895.0500,0.041475,8169.00000,0.060236,8236.66300,0.055663,7033.17000,0.049292,6432.68100,0.048676,6308.51000,0.038806,7150.67000,0.024284,6795.53800,0.039538,3420.28100,18116573500.00,5587,17472077400.00,5574
20120731,0.010352,3951.34100,0.009057,1219.28900,-0.004701,11950.6700,-0.006069,5242.52100,0.012598,1379.32,0.004477,84883.3000,-0.004874,12832.2100,0.000852,8175.96000,-0.012618,8132.72900,-0.010163,6961.69000,-0.008121,6380.44000,-0.005655,6272.83800,-0.001089,7142.88200,-0.001018,6788.62200,0.013716,3467.19200,18266015600.00,5569,18067319300.00,5545
20120831,0.026583,4056.37900,0.023857,1248.37800,0.026505,12267.4300,0.024344,5370.14700,0.019763,1406.58,0.026711,87150.6200,0.022168,13116.6700,0.029529,8417.39000,0.019198,8288.86400,0.022771,7120.21600,0.029375,6567.86400,0.024927,6429.20100,0.037781,7412.74700,0.039907,7059.53200,0.024341,3551.58700,18670235000.00,5545,18244181900.00,5526
20120928,0.026610,4164.31800,0.024787,1279.32200,0.037580,12728.4400,0.035364,5560.05600,0.024236,1440.67,0.018161,88733.3800,0.034593,13570.4200,0.032393,8690.05300,0.053205,8729.87300,0.040312,7407.24800,0.041543,6840.71300,0.030421,6624.78600,0.029324,7630.12000,0.025370,7238.63100,0.025884,3643.51600,19168108900.00,5536,18664988300.00,5520
20121031,-0.014371,4104.47200,-0.015882,1259.00300,-0.015435,12531.9700,-0.016923,5465.96600,-0.019789,1412.16,-0.001389,88610.0900,-0.019653,13303.7200,-0.025094,8471.98700,-0.029639,8471.12400,-0.026435,7211.43700,-0.021099,6696.38400,-0.021791,6480.42300,-0.010563,7549.52000,-0.007114,7187.13800,-0.014906,3589.20600,18864643600.00,5522,19143151600.00,5484
20121130,0.006227,4130.02900,0.002819,1262.55200,0.002596,12564.5000,-0.000504,5463.20900,0.002847,1416.18,-0.022348,86629.8600,0.001008,13317.1300,-0.002859,8447.76500,-0.001537,8458.10300,0.004278,7242.28400,-0.002486,6679.73600,0.002372,6495.79700,0.009522,7621.40900,0.017747,7314.68700,0.004958,3607.00100,18896812400.00,5517,18859715600.00,5499
20121231,0.012300,4180.82900,0.008983,1273.89300,0.022355,12845.3800,0.017363,5558.06900,0.007068,1426.19,-0.019582,84933.4600,-0.000017,13316.9000,0.007693,8512.75100,0.021151,8637.00000,0.022582,7405.83200,0.026634,6857.64200,0.030435,6693.50000,0.023418,7799.88400,0.020464,7464.37500,0.009650,3641.80900,19067517200.00,5498,18863248000.00,5479
20130131,0.055812,4414.16900,0.054529,1343.35800,0.070443,13750.2400,0.069469,5944.18300,0.050428,1498.11,0.103842,93753.1600,0.078777,14365.9700,0.072237,9127.68600,0.068296,9226.87000,0.046436,7749.72600,0.057143,7249.50600,0.063814,7120.63700,0.063458,8294.85000,0.078015,8046.70600,0.052138,3831.68500,20125497900.00,5498,19055099000.00,5478
20130228,0.009187,4454.72300,0.006870,1352.58700,0.005085,13820.1600,0.003433,5964.58900,0.011061,1514.68,0.011405,94822.4400,0.010195,14512.4400,0.004734,9170.89400,-0.010679,9128.33800,0.000304,7752.08300,0.008224,7309.12700,0.013390,7215.98500,0.013127,8403.73700,0.013299,8153.72200,0.008539,3864.40300,20227461400.00,5493,20084963800.00,5469
20130328,0.036306,4616.45600,0.034593,1399.37700,0.035217,14306.8700,0.033242,6162.86500,0.035988,1569.19,0.020229,96740.5700,0.032513,14984.2800,0.048268,9613.55400,0.037704,9472.51700,0.039218,8056.10400,0.037042,7579.87000,0.044633,7538.05800,0.041331,8751.07000,0.045298,8523.06700,0.034467,3997.59600,20967668000.00,5485,20217462500.00,5465
20130430,0.015288,4687.03300,0.014064,1419.05800,0.001388,14326.7300,0.000154,6163.81300,0.018086,1597.57,-0.010154,95758.2200,0.001089,15000.6000,0.003029,9642.67500,-0.000042,9472.11400,0.007564,8117.03700,-0.003925,7550.11700,-0.002893,7516.24800,-0.000342,8748.07900,0.007927,8590.62700,0.018432,4071.28000,21270820300.00,5477,20957170500.00,5448
20130531,0.020920,4785.08500,0.018229,1444.92600,0.030205,14759.4600,0.028047,6336.68800,0.020763,1630.74,0.043226,99897.5100,0.022946,15344.8100,0.013583,9773.64600,0.034566,9799.52400,0.030136,8361.65100,0.041489,7863.36200,0.035257,7781.24900,0.028127,8994.13700,0.028268,8833.46300,0.018501,4146.60300,21692308000.00,5496,21244920100.00,5446
20130628,-0.014262,4716.84000,-0.016050,1421.73400,-0.010088,14610.5700,-0.012398,6258.12600,-0.014999,1606.28,-0.025703,97329.8100,-0.010016,15191.1200,0.002701,9800.04100,0.004427,9842.90700,0.005541,8407.98400,-0.000095,7862.61600,-0.003928,7750.68500,-0.005116,8948.12700,-0.017040,8682.94300,-0.015450,4082.54000,21342770500.00,5506,21646716000.00,5466
20130731,0.053563,4969.48600,0.052083,1495.78200,0.060057,15488.0300,0.058750,6625.79200,0.049462,1685.73,0.068766,104022.800,0.056289,16046.2000,0.059574,10383.8700,0.059332,10426.9100,0.048850,8818.71500,0.067905,8396.53000,0.059995,8215.68900,0.057486,9462.52100,0.063198,9231.68600,0.051480,4292.71000,22426242500.00,5510,21300480600.00,5474
20130830,-0.026046,4840.05200,-0.028331,1453.40600,-0.017670,15214.3500,-0.019697,6495.28600,-0.031298,1632.97,0.011616,105231.200,-0.015015,15805.2700,-0.025303,10121.1300,-0.035752,10054.1200,-0.017511,8664.28600,-0.033961,8111.37700,-0.023897,8019.36100,-0.031392,9165.47200,-0.023260,9016.95400,-0.026100,4180.67200,21810776700.00,5522,22421340800.00,5492
20130930,0.037629,5022.18000,0.035934,1505.63300,0.055587,16060.0700,0.053528,6842.96800,0.029749,1681.55,0.059804,111524.400,0.043633,16494.8900,0.070238,10832.0200,0.057562,10632.8600,0.066519,9240.62200,0.060032,8598.31900,0.054269,8454.56000,0.050542,9628.71300,0.051223,9478.82700,0.033264,4319.73900,22611393600.00,5544,21793077300.00,5503
20131031,0.040447,5225.31400,0.039103,1564.50700,0.026175,16480.4300,0.024864,7013.11400,0.044596,1756.54,0.014968,113193.800,0.019735,16820.4200,0.016641,11012.2700,0.012271,10763.3400,0.017773,9404.85300,0.015749,8733.73400,0.027617,8688.05300,0.030370,9921.13900,0.033520,9796.56000,0.043677,4508.41300,23466251200.00,5559,22555959000.00,5516
20131129,0.025937,5360.84500,0.023705,1601.59300,0.027553,16934.5100,0.025539,7192.22200,0.028049,1805.81,0.053183,119213.700,0.032718,17370.7500,0.035200,11399.9000,0.047636,11276.0600,0.039079,9772.38200,0.031493,9008.78900,0.033501,8979.11000,0.030663,10225.3500,0.011758,9911.75200,0.026921,4629.78100,24048570100.00,5567,23443270500.00,5522
20131231,0.026910,5505.10400,0.025099,1641.79200,0.028841,17422.9200,0.026134,7380.18600,0.023563,1848.36,0.064100,126855.300,0.052118,18276.0800,0.025847,11694.5600,0.019694,11498.1300,0.028802,10053.8400,0.027435,9255.94900,0.026606,9218.00400,0.020561,10435.6000,0.033616,10244.9400,0.026317,4751.62100,24685023200.00,5572,24020583300.00,5542
20140131,-0.030028,5339.79500,-0.031201,1590.56600,0.002809,17471.8700,0.001656,7392.40800,-0.035583,1782.59,0.084146,137529.600,0.039987,19006.8800,0.032301,12072.3000,0.002036,11521.5400,-0.015424,9898.77400,-0.007748,9184.23700,-0.018417,9048.23700,-0.030565,10116.6300,-0.011019,10132.0500,-0.034137,4589.41400,23946369500.00,5589,24666305500.00,5552
20140228,0.046431,5587.72500,0.044082,1660.68100,0.046481,18283.9900,0.044668,7722.61000,0.043117,1859.45,0.056160,145253.200,0.034758,19667.5200,0.039608,12550.4700,0.046789,12060.6200,0.045378,10347.9600,0.038738,9540.01500,0.053877,9535.73200,0.045706,10579.0100,0.053719,10676.3400,0.045405,4797.79700,25043994300.00,5587,23915842200.00,5556
20140331,0.004530,5613.03600,0.002893,1665.48600,0.000331,18290.0400,-0.001857,7708.27000,0.006932,1872.34,0.016976,147719.100,-0.015228,19368.0200,-0.004781,12490.4600,0.001358,12077.0000,-0.003137,10315.5000,-0.002618,9515.03900,-0.001114,9525.11200,-0.003090,10546.3200,-0.008828,10582.0900,0.007391,4833.25700,25164971100.00,5619,25034874400.00,5569
20140430,0.001514,5621.53400,0.000298,1665.98100,-0.027622,17784.8200,-0.028871,7485.72300,0.006201,1883.95,-0.023373,144266.400,-0.026483,18855.0900,-0.051447,11847.8700,-0.036070,11641.3800,-0.036863,9935.23900,-0.040508,9129.60400,-0.030427,9235.29600,-0.019494,10340.7300,-0.012484,10449.9800,0.007651,4870.23800,25224936200.00,5639,25149816700.00,5598
20140530,0.020499,5736.76900,0.018178,1696.26600,0.005366,17880.2500,0.003286,7510.32200,0.021030,1923.57,0.002478,144623.900,-0.008834,18688.5400,-0.003767,11803.2300,0.008306,11738.0700,0.004690,9981.83100,-0.000512,9124.93400,0.003224,9265.06700,0.017220,10518.8000,0.016701,10624.5000,0.022615,4980.37900,25668589600.00,5660,25197123700.00,5618
20140630,0.028262,5898.89900,0.026518,1741.24900,0.043858,18664.4400,0.041690,7823.43000,0.019058,1960.23,0.016505,147010.800,0.016161,18990.5500,0.045938,12345.4500,0.043605,12249.9000,0.048750,10468.4400,0.061593,9686.96500,0.056050,9784.37900,0.052407,11070.0600,0.049484,11150.2400,0.022007,5089.98200,26372809300.00,5684,25650333600.00,5634
20140731,-0.020672,5776.95600,-0.022008,1702.92700,-0.039882,17920.0600,-0.041180,7501.26100,-0.015080,1930.67,-0.011627,145301.600,-0.028536,18448.6400,-0.044450,11796.6900,-0.055152,11574.2900,-0.052664,9917.12700,-0.061553,9090.70700,-0.052591,9269.81200,-0.050846,10507.1900,-0.037893,10727.7200,-0.013739,5020.05100,25815229200.00,5708,26329700500.00,5654
20140829,0.040999,6013.80300,0.038894,1769.16100,0.036763,18578.8600,0.034987,7763.70900,0.037655,2003.37,0.015848,147604.300,0.019146,18801.8600,0.023356,12072.2100,0.039442,12030.8000,0.043053,10344.0900,0.050610,9550.78600,0.050311,9736.18100,0.042970,10958.6800,0.048201,11244.8100,0.039540,5218.54400,26799032200.00,5720,25791402500.00,5688
20140930,-0.024694,5865.30000,-0.026287,1722.65500,-0.047807,17690.6600,-0.049697,7377.87900,-0.015514,1972.29,-0.035266,142398.800,-0.027023,18293.7800,-0.038769,11604.1900,-0.057738,11336.1700,-0.049599,9831.03100,-0.051129,9062.46000,-0.066387,9089.82100,-0.054379,10362.7600,-0.047374,10712.1000,-0.017203,5128.77000,26103461600.00,5722,26782692300.00,5694
20141031,0.021455,5991.14200,0.020147,1757.36200,0.015836,17970.8200,0.014427,7484.31700,0.023201,2018.05,-0.007792,141289.300,-0.028669,17769.3300,-0.004031,11557.4100,0.020199,11565.1500,0.039717,10221.4900,0.043600,9457.58200,0.043028,9480.94200,0.040118,10778.4900,0.022070,10948.5200,0.019270,5227.60200,26648132600.00,5753,26094519500.00,5696
20141128,0.021799,6121.74100,0.019520,1791.66600,-0.003193,17913.4400,-0.005167,7445.64700,0.024534,2067.56,-0.002638,140916.600,-0.015366,17496.2900,0.001747,11577.6000,-0.015688,11383.7100,-0.005823,10161.9700,0.001811,9474.71100,-0.007907,9405.97700,0.003215,10813.1500,0.015796,11121.4600,0.025869,5362.83700,27184468500.00,5769,26573758200.00,5716
20141231,-0.003281,6101.65400,-0.005135,1782.46600,0.002831,17964.1400,0.000172,7446.92800,-0.004189,2058.90,-0.017485,138452.700,0.007384,17625.4700,0.003465,11617.7200,0.024847,11666.5700,0.046107,10630.5100,0.028303,9742.87500,0.011937,9518.25400,0.003391,10849.8100,0.002105,11144.8700,-0.006217,5329.49500,27093247000.00,5767,27130421800.00,5734
20150130,-0.028451,5928.05400,-0.029592,1729.71900,-0.021522,17577.5200,-0.022734,7277.62600,-0.031041,1994.99,0.001871,138711.700,0.004039,17696.6600,-0.012599,11471.3400,-0.042065,11175.8200,-0.038437,10221.9100,-0.037104,9381.37600,-0.034707,9187.90500,-0.029530,10529.4200,-0.011817,11013.1700,-0.030201,5168.53800,26210255900.00,5766,26944634200.00,5743
20150227,0.057171,6266.96600,0.054701,1824.33600,0.058683,18609.0200,0.056799,7690.98800,0.054893,2104.50,0.059746,146999.100,0.046351,18516.9200,0.029298,11807.4300,0.053869,11777.8500,0.053252,10766.2400,0.058083,9926.27400,0.061564,9753.54500,0.060658,11168.1100,0.059923,11673.1100,0.056619,5461.17300,27600123800.00,5757,26157067100.00,5736
20150331,-0.010551,6200.84200,-0.012293,1801.90900,-0.004010,18534.4000,-0.006209,7643.23800,-0.017396,2067.89,-0.036294,141664.000,-0.009574,18339.6500,-0.006022,11736.3300,0.000167,11779.8100,0.005975,10830.5600,0.006917,9994.93500,0.013243,9882.70800,0.005791,11232.7900,0.004194,11722.0600,-0.014812,5380.28200,27229304200.00,5749,27495269200.00,5728
20150430,0.008527,6253.71600,0.007322,1815.10300,0.014031,18794.4600,0.012748,7740.67600,0.008521,2085.51,0.029088,145784.700,0.008881,18502.5200,0.004557,11789.8100,0.006264,11853.6100,-0.000799,10821.9100,-0.007253,9922.44100,-0.005867,9824.72500,-0.006251,11162.5700,-0.005508,11657.5000,0.012223,5446.04300,27424329900.00,5754,27194240100.00,5722
20150529,0.010795,6321.22200,0.008512,1830.55300,0.005529,18898.3700,0.003613,7768.64600,0.010491,2107.39,-0.008793,144502.800,-0.004871,18412.4000,0.007045,11872.8800,0.009188,11962.5200,0.007360,10901.5700,0.010811,10029.7100,0.015927,9981.20200,0.012942,11307.0300,0.012985,11808.8800,0.010303,5502.15600,27616298200.00,5774,27368502200.00,5738
20150630,-0.019191,6199.91100,-0.020894,1792.30600,-0.012185,18668.0900,-0.014301,7657.54500,-0.021012,2063.11,-0.016949,142053.700,-0.023967,17971.1000,-0.012848,11720.3300,0.002185,11988.6600,0.007288,10981.0100,0.005237,10082.2400,-0.003550,9945.76500,-0.009213,11202.8700,-0.021991,11549.1800,-0.020786,5387.78800,27045008300.00,5800,27566611200.00,5751
20150731,0.012780,6279.14700,0.011534,1812.97900,-0.030760,18093.8700,-0.032133,7411.48800,0.019742,2103.84,-0.043572,135864.200,-0.029921,17433.3900,-0.030708,11360.4200,-0.030038,11628.5500,-0.032252,10626.8500,-0.021173,9868.76400,-0.016491,9781.74600,-0.017916,11002.1600,-0.001534,11531.4700,0.019310,5491.82600,27359922400.00,5834,26897449000.00,5766
20150831,-0.060510,5899.19500,-0.062692,1699.32000,-0.047617,17232.2900,-0.049980,7041.06200,-0.062581,1972.18,-0.077383,125350.500,-0.027926,16946.5400,-0.045019,10848.9800,-0.043143,11126.8600,-0.049476,10101.0800,-0.061928,9257.61100,-0.064817,9147.72800,-0.063756,10300.7100,-0.059167,10849.1900,-0.060663,5158.67300,25596952200.00,5823,27305628900.00,5799
20150930,-0.034246,5697.17200,-0.036039,1638.07900,-0.054627,16290.9400,-0.056919,6640.29200,-0.026443,1920.03,-0.043543,119892.400,-0.045722,16171.7100,-0.055245,10249.6300,-0.057884,10482.7900,-0.060441,9490.56200,-0.059663,8705.27900,-0.069622,8510.84700,-0.050954,9775.85100,-0.046653,10343.0400,-0.029415,5006.92800,24637111700.00,5812,25578246200.00,5797
20151030,0.075041,6124.69200,0.073570,1758.59200,0.054213,17174.1200,0.052651,6989.91000,0.082983,2079.36,0.014336,121611.200,0.022977,16543.2900,0.030521,10562.4600,0.044170,10945.8100,0.052166,9985.64400,0.048367,9126.32900,0.054381,8973.67500,0.061277,10374.8800,0.058247,10945.5000,0.079881,5406.88500,26391232800.00,5811,24601360800.00,5770
20151130,0.002715,6141.32300,0.000317,1759.14900,0.010783,17359.3000,0.008551,7049.68200,0.000505,2080.41,-0.001892,121381.100,0.007549,16668.1800,0.014993,10720.8200,0.018253,11145.6100,0.026130,10246.5700,0.033113,9428.52700,0.026967,9215.66400,0.018610,10567.9600,0.005606,11006.8600,-0.000222,5405.68300,26352280300.00,5827,26359168800.00,5788
20151231,-0.022350,6004.06200,-0.024305,1716.39300,-0.039713,16669.9000,-0.042493,6750.12300,-0.017530,2043.94,-0.061316,113938.500,-0.024841,16254.1200,-0.030297,10396.0100,-0.036574,10737.9700,-0.045963,9775.60600,-0.039870,9052.61500,-0.039177,8854.62400,-0.052498,10013.1600,-0.035177,10619.6800,-0.017697,5310.02000,25677116200.00,5807,26269074100.00,5787
20160129,-0.058119,5655.11300,-0.059373,1614.48400,-0.082914,15287.7400,-0.084395,6180.44900,-0.050735,1940.24,-0.077448,105114.200,-0.083936,14889.8100,-0.088380,9477.21100,-0.084737,9828.07000,-0.091393,8882.18900,-0.096984,8174.65900,-0.092163,8038.56000,-0.090376,9108.20700,-0.071606,9859.24200,-0.052603,5030.69700,24113400900.00,5777,25615210400.00,5770
20160229,0.000758,5659.40200,-0.001809,1611.56300,0.006370,15385.1300,0.004100,6205.78600,-0.004128,1932.23,-0.007236,104353.600,0.011516,15061.2800,0.007080,9544.31400,-0.004796,9780.93500,0.005830,8933.97400,0.000294,8177.06300,0.007277,8097.06000,0.016277,9256.46300,0.009506,9952.96000,-0.001310,5024.10500,23944256900.00,5762,24014432400.00,5740
20160331,0.071205,6062.37700,0.068926,1722.64200,0.082710,16657.6400,0.079927,6701.79500,0.065991,2059.74,0.083280,113044.200,0.061500,15987.5600,0.073644,10247.1900,0.067020,10436.4600,0.067368,9535.83500,0.077974,8814.65900,0.091890,8841.10100,0.087377,10065.2700,0.086992,10818.7900,0.067829,5364.88500,25533360800.00,5753,23899916200.00,5735
20160429,0.011714,6133.39400,0.010416,1740.58500,0.045005,17407.3200,0.043600,6993.99200,0.002699,2065.30,0.058690,119678.800,0.071631,17132.7500,0.051845,10778.4600,0.056950,11030.8200,0.053595,10046.9100,0.040865,9174.86600,0.037027,9168.45700,0.031804,10385.3800,0.019999,11035.1600,0.007644,5405.89600,25781973900.00,5749,25481707200.00,5709
20160531,0.015017,6225.49700,0.012456,1762.26600,-0.000176,17404.2500,-0.002274,6978.08800,0.015329,2096.96,-0.042025,114649.300,-0.011086,16942.8300,-0.015170,10614.9600,-0.004443,10981.8100,-0.007309,9973.47800,0.007815,9246.56900,0.014061,9297.37600,0.010628,10495.7600,0.017104,11223.9000,0.015615,5490.31000,26016462600.00,5730,25668749800.00,5703
20160630,0.002461,6240.81500,0.000646,1763.40500,0.005245,17495.5300,0.002773,6997.44000,0.000906,2098.86,0.039142,119136.900,0.001875,16974.6000,0.008367,10703.7700,0.007159,11060.4300,0.020773,10180.6600,0.009165,9331.31400,0.005745,9350.78500,0.005538,10553.8900,0.000825,11233.1600,0.002066,5501.65100,26032894800.00,5729,25960315800.00,5702
20160729,0.039240,6485.70400,0.037961,1830.34500,0.054980,18457.4300,0.053766,7373.66300,0.035610,2173.60,0.078868,128532.900,0.038565,17629.2200,0.035816,11087.1300,0.042971,11535.7000,0.050403,10693.7900,0.054644,9841.21100,0.057664,9889.99000,0.054301,11126.9700,0.046631,11756.9700,0.036548,5702.72600,26991510600.00,5722,25985552400.00,5687
20160831,0.003145,6506.10400,0.000666,1831.56400,0.016183,18756.1300,0.014097,7477.61100,-0.001219,2170.95,-0.026867,125079.600,0.014661,17887.6800,0.019013,11297.9300,0.018754,11752.0400,0.020668,10914.8100,0.009471,9934.42100,0.008836,9977.37600,0.013425,11276.3500,-0.000854,11746.9300,0.002483,5716.88500,26987504900.00,5705,26965933600.00,5686
20160930,0.002918,6525.09100,0.001291,1833.92800,0.017710,19088.2900,0.015795,7595.71700,-0.001234,2168.27,0.007429,126008.900,0.017890,18207.6800,0.037481,11721.3900,0.032674,12136.0300,0.027165,11211.3100,0.022238,10155.3400,0.019025,10167.2000,0.005473,11338.0700,0.002738,11779.0900,0.001455,5725.20400,26952328500.00,5695,26839737600.00,5657
20161031,-0.021723,6383.34900,-0.023034,1791.68400,-0.045876,18212.6000,-0.047093,7238.01300,-0.019426,2126.15,-0.064894,117831.600,-0.041219,17457.1900,-0.052436,11106.7600,-0.045518,11583.6200,-0.048229,10670.6000,-0.048031,9667.56900,-0.050529,9653.45700,-0.045740,10819.4600,-0.032082,11401.1900,-0.017101,5627.29800,26344668800.00,5702,26920736200.00,5665
20161130,0.042561,6655.03200,0.039957,1863.27500,0.060447,19313.4900,0.058305,7660.02900,0.034174,2198.81,0.017325,119873.100,0.040693,18167.5800,0.047063,11629.4800,0.103721,12785.0800,0.079328,11517.0800,0.083401,10473.8500,0.100493,10623.5700,0.077917,11662.4900,0.053713,12013.5900,0.035995,5829.85500,27371493500.00,5694,26312144300.00,5667
20161230,0.018982,6781.35500,0.017202,1895.32700,0.016983,19641.5000,0.014576,7771.68300,0.018201,2238.83,0.000646,119950.500,0.014773,18435.9600,0.027127,11944.9500,0.028882,13154.3400,0.034255,11911.5900,0.029504,10782.8800,0.022692,10864.6400,0.012587,11809.2800,0.015100,12194.9900,0.019334,5942.56700,27817942300.00,5707,27319411300.00,5655
20170131,0.022354,6932.94800,0.021251,1935.60400,0.027060,20172.9900,0.026037,7974.03300,0.017884,2278.87,0.069403,128275.500,0.034900,19079.3800,0.028130,12280.9600,0.009595,13280.5500,0.004011,11959.3800,0.009221,10882.3100,0.017846,11058.5200,0.019803,12043.1400,0.025076,12500.7900,0.022690,6077.40200,28435812000.00,5711,27769798500.00,5688
20170228,0.033286,7163.71500,0.031048,1995.70000,0.017371,20523.4100,0.015534,8097.90500,0.037198,2363.64,0.012593,129890.800,0.014348,19353.1300,0.014831,12463.1000,0.010551,13420.6700,0.010992,12090.8300,0.015310,11048.9200,0.016215,11237.8400,0.018339,12264.0000,0.023724,12797.3700,0.036576,6299.69100,29291683500.00,5700,28378684800.00,5685
20170331,0.001942,7177.62400,0.000171,1996.04100,0.006733,20661.5800,0.004669,8135.71600,-0.000389,2362.72,-0.016135,127795.100,-0.011558,19129.4500,0.022884,12748.3000,0.011435,13574.1300,0.012188,12238.1900,0.000081,11049.8100,0.000886,11247.8000,0.004123,12314.5700,-0.001336,12780.2700,0.002119,6313.03900,29282599500.00,5693,29238843100.00,5666
20170428,0.009632,7246.75800,0.008453,2012.91300,0.002946,20722.4400,0.001844,8150.71900,0.009091,2384.20,-0.031427,123778.800,-0.020229,18742.4700,0.002672,12782.3600,-0.004410,13514.2600,0.014356,12413.8700,0.008853,11147.6400,0.019644,11468.7600,0.011730,12459.0200,0.004884,12842.6900,0.009961,6375.92600,29536186100.00,5699,29225101000.00,5665
20170531,0.009307,7314.20100,0.006799,2026.59900,-0.015620,20398.7500,-0.017592,8007.33500,0.011576,2411.80,-0.035508,119383.700,-0.012000,18517.5700,-0.007726,12683.6000,-0.016296,13294.0400,-0.016717,12206.3500,-0.016817,10960.1700,-0.020210,11236.9800,-0.015715,12263.2300,-0.002903,12805.4000,0.014067,6465.61700,29770895500.00,5705,29522561300.00,5676
20170630,0.009706,7385.19200,0.008096,2043.00600,0.026980,20949.1200,0.024837,8206.21200,0.004814,2423.41,0.013073,120944.400,0.010640,18714.6000,0.033452,13107.8900,0.031823,13717.0900,0.041249,12709.8500,0.033581,11328.2200,0.035614,11637.1700,0.024149,12559.3800,0.014903,12996.2300,0.006633,6508.50300,29987280200.00,5714,29672473800.00,5672
20170731,0.020415,7535.96000,0.018979,2081.78000,0.007121,21098.3000,0.006000,8255.45000,0.019349,2470.30,-0.013966,119255.300,0.010640,18913.7200,0.001656,13129.6000,0.003173,13760.6200,0.006522,12792.7500,0.008743,11427.2600,0.012836,11786.5500,0.016482,12766.3900,0.014725,13187.6000,0.022111,6652.41500,30430154900.00,5714,29863615800.00,5687
20170831,0.001483,7547.13400,-0.000904,2079.89900,-0.011327,20859.3300,-0.013137,8146.99900,0.000546,2471.65,-0.025019,116271.700,-0.025607,18429.3900,-0.001259,13113.0600,0.010480,13904.8300,0.004039,12844.4100,-0.007529,11341.2300,-0.016252,11594.9900,-0.010523,12632.0400,-0.002925,13149.0300,0.003386,6674.94100,30550038000.00,5731,30407982100.00,5687
20170929,0.024166,7729.52000,0.022745,2127.20600,0.053693,21979.3200,0.051717,8568.34100,0.019303,2519.36,0.073601,124829.300,0.062333,19578.1600,0.049492,13762.0500,0.066953,14835.8000,0.052021,13512.5900,0.053513,11948.1300,0.055381,12237.1300,0.041215,13152.6700,0.031675,13565.5200,0.020159,6809.50400,31226729800.00,5712,30333635100.00,5688
20171031,0.019533,7880.49700,0.018369,2166.28000,0.000530,21990.9700,-0.000590,8563.28100,0.022188,2575.26,-0.002597,124505.100,-0.011062,19361.5800,0.006654,13853.6300,0.003967,14894.6500,-0.003221,13469.0700,0.002309,11975.7200,0.006190,12312.8800,0.002790,13189.3600,0.016917,13795.0200,0.021946,6958.94500,31773782000.00,5718,31185432000.00,5675
20171130,0.027928,8100.58000,0.025445,2221.40100,0.022943,22495.5200,0.020800,8741.40100,0.028083,2647.58,0.038685,129321.600,0.013483,19622.6200,0.004406,13914.6700,0.014274,15107.2500,0.017698,13707.4500,0.014954,12154.8000,0.025146,12622.4900,0.025700,13528.3300,0.030398,14214.3600,0.028321,7156.03200,32563670100.00,5732,31723356200.00,5683
20171229,0.012131,8198.84600,0.010620,2244.99200,0.014456,22820.7100,0.012161,8847.70600,0.009832,2673.61,0.034464,133778.500,0.024361,20100.6500,0.007868,14024.1500,0.001418,15128.6700,0.010052,13845.2300,0.008776,12261.4700,0.000681,12631.0800,0.005656,13604.8500,0.010148,14358.6100,0.013219,7250.62600,32898070300.00,5726,32527336700.00,5701
20180131,0.051369,8620.01100,0.050340,2358.00500,0.029025,23483.0900,0.028077,9096.12600,0.056179,2823.81,0.035603,138541.400,0.022869,20560.3300,0.029548,14438.5400,0.006349,15224.7200,0.008132,13957.8300,0.021878,12529.7200,0.023763,12931.2300,0.017545,13843.5500,0.035130,14863.0400,0.057159,7665.06400,34599008800.00,5732,32865181700.00,5705
20180228,-0.039465,8279.82000,-0.041459,2260.24600,-0.041573,22506.8300,-0.043234,8702.86700,-0.038947,2713.83,-0.060571,130149.900,-0.030682,19929.5000,-0.038069,13888.8800,-0.037338,14656.2600,-0.026821,13583.4600,-0.032873,12117.8400,-0.036956,12453.3400,-0.047941,13179.8800,-0.041933,14239.7800,-0.039031,7365.89100,33149881400.00,5740,34576308200.00,5709
20180329,-0.019186,8120.96300,-0.020956,2212.88000,0.002729,22568.2600,0.000323,8705.68200,-0.026885,2640.87,-0.000628,130068.200,0.005361,20036.3400,0.013993,14083.2300,0.010666,14812.5800,0.003006,13624.2900,0.005523,12184.7700,0.009262,12568.6900,0.004275,13236.2300,0.003291,14286.6500,-0.024776,7183.39500,32423773400.00,5748,33096398900.00,5717
20180430,0.005006,8161.61900,0.003834,2221.36400,0.009502,22782.7000,0.008245,8777.45900,0.002719,2648.05,-0.017001,127856.900,0.008549,20207.6300,0.008748,14206.4400,0.005418,14892.8300,0.025567,13972.6200,0.018123,12405.6000,0.013035,12732.5100,0.014114,13423.0400,0.003264,14333.2800,0.004125,7213.03000,32534879300.00,5732,32389100600.00,5707
20180531,0.027222,8383.79200,0.024771,2276.39100,0.041641,23731.4000,0.039673,9125.68400,0.021608,2705.27,0.044133,133499.600,0.043241,21081.4200,0.032836,14672.9200,0.045797,15574.8800,0.065835,14892.5100,0.059431,13142.8800,0.060051,13497.1100,0.051486,14114.1400,0.035808,14846.5300,0.022834,7377.73300,33365918100.00,5746,32506390000.00,5707
20180629,0.006009,8434.16900,0.004506,2286.64700,0.005175,23854.2100,0.002773,9150.98600,0.004842,2718.37,0.027110,137118.800,0.005688,21201.3300,0.013947,14877.5600,0.012911,15775.9600,0.003846,14949.7900,0.007749,13244.7200,0.013665,13681.5500,0.009964,14254.7700,0.005333,14925.7100,0.005558,7418.74100,33421176400.00,5764,33207388200.00,5714
20180731,0.032083,8704.76700,0.030912,2357.33100,0.004432,23959.9200,0.003338,9181.52800,0.036022,2816.29,-0.025100,133677.100,-0.011429,20959.0300,-0.013885,14670.9900,-0.008906,15635.4700,0.009365,15089.7900,0.006050,13324.8500,0.014164,13875.3400,0.013992,14454.2300,0.019376,15214.9000,0.036444,7689.10800,34463173900.00,5775,33347157400.00,5735
20180831,0.031518,8979.12300,0.028883,2425.41700,0.023351,24519.4000,0.021100,9375.25500,0.030263,2901.52,0.085144,145058.800,0.030913,21606.9300,0.035829,15196.6300,0.047038,16370.9200,0.035058,15618.8000,0.042628,13892.8700,0.055229,14641.6600,0.034270,14949.5800,0.039841,15821.0700,0.029238,7913.92500,35368777400.00,5773,34397955000.00,5750
20180928,0.000524,8983.82600,-0.000927,2423.17000,-0.012478,24213.4500,-0.014391,9240.33600,0.004294,2913.98,-0.003978,144481.700,-0.004553,21508.5600,-0.007956,15075.7200,-0.018557,16067.1300,-0.022071,15274.0700,-0.024677,13550.0300,-0.004136,14581.1100,-0.021246,14631.9600,-0.006724,15714.6900,0.003612,7942.51200,35286890600.00,5797,35325464600.00,5756
20181031,-0.074743,8312.35200,-0.075872,2239.31800,-0.089697,22041.5800,-0.090772,8401.57100,-0.069403,2711.74,-0.089796,131507.900,-0.093901,19488.8800,-0.111554,13393.9700,-0.092018,14588.6700,-0.101104,13729.8100,-0.113933,12006.2400,-0.111964,12948.5500,-0.099654,13173.8300,-0.094971,14222.2400,-0.068461,7398.75800,32630437400.00,5807,35151107300.00,5763
20181130,0.018638,8467.28000,0.016140,2275.46000,-0.001641,22005.4100,-0.003732,8370.21400,0.017859,2760.17,-0.021719,128651.700,-0.032520,18855.1000,-0.017074,13165.2800,0.000639,14597.9800,-0.012926,13552.3300,-0.001101,11993.0200,0.018361,13186.2900,0.006149,13254.8300,0.022579,14543.3700,0.019771,7545.04200,33039783800.00,5801,32503892500.00,5773
20181231,-0.091570,7691.92900,-0.093449,2062.82200,-0.111664,19548.1900,-0.114230,7414.08300,-0.091777,2506.85,-0.097101,116159.500,-0.101113,16948.6100,-0.118106,11610.3800,-0.098818,13155.4400,-0.108459,12082.4600,-0.104179,10743.6000,-0.105287,11797.9400,-0.116428,11711.6000,-0.098423,13111.9600,-0.088484,6877.42500,29875758300.00,5780,32910234400.00,5755
20190131,0.089323,8378.99800,0.087993,2244.33600,0.133112,22150.2800,0.132027,8392.94100,0.078684,2704.10,0.257212,146037.200,0.156958,19608.8300,0.121558,13021.7200,0.094528,14399.0000,0.138760,13759.0200,0.102491,11844.7200,0.116844,13176.4600,0.118429,13098.6000,0.118972,14671.9200,0.082857,7447.27100,32481210000.00,5758,29834911700.00,5742
